-- MySQL dump 10.13  Distrib 8.0.32, for Linux (x86_64)
--
-- Host: localhost    Database: tembera
-- ------------------------------------------------------
-- Server version	8.0.32-0ubuntu0.20.04.2

/*!40101 SET @OLD_CHARACTER_SET_CLIENT=@@CHARACTER_SET_CLIENT */;
/*!40101 SET @OLD_CHARACTER_SET_RESULTS=@@CHARACTER_SET_RESULTS */;
/*!40101 SET @OLD_COLLATION_CONNECTION=@@COLLATION_CONNECTION */;
/*!50503 SET NAMES utf8mb4 */;
/*!40103 SET @OLD_TIME_ZONE=@@TIME_ZONE */;
/*!40103 SET TIME_ZONE='+00:00' */;
/*!40014 SET @OLD_UNIQUE_CHECKS=@@UNIQUE_CHECKS, UNIQUE_CHECKS=0 */;
/*!40014 SET @OLD_FOREIGN_KEY_CHECKS=@@FOREIGN_KEY_CHECKS, FOREIGN_KEY_CHECKS=0 */;
/*!40101 SET @OLD_SQL_MODE=@@SQL_MODE, SQL_MODE='NO_AUTO_VALUE_ON_ZERO' */;
/*!40111 SET @OLD_SQL_NOTES=@@SQL_NOTES, SQL_NOTES=0 */;

--
-- Table structure for table `bookings`
--

DROP TABLE IF EXISTS `bookings`;
/*!40101 SET @saved_cs_client     = @@character_set_client */;
/*!50503 SET character_set_client = utf8mb4 */;
CREATE TABLE `bookings` (
  `id` bigint unsigned NOT NULL AUTO_INCREMENT,
  `name` varchar(255) COLLATE utf8mb4_unicode_ci NOT NULL,
  `check_in_date` datetime NOT NULL,
  `check_out_date` date DEFAULT NULL,
  `message` longtext COLLATE utf8mb4_unicode_ci,
  `status` varchar(255) COLLATE utf8mb4_unicode_ci DEFAULT NULL,
  `email` varchar(255) COLLATE utf8mb4_unicode_ci DEFAULT NULL,
  `mobile` varchar(255) COLLATE utf8mb4_unicode_ci DEFAULT NULL,
  `package_id` bigint unsigned NOT NULL,
  `created_at` timestamp NULL DEFAULT NULL,
  `updated_at` timestamp NULL DEFAULT NULL,
  `deleted_at` timestamp NULL DEFAULT NULL,
  PRIMARY KEY (`id`),
  KEY `bookings_package_id_foreign` (`package_id`),
  CONSTRAINT `bookings_package_id_foreign` FOREIGN KEY (`package_id`) REFERENCES `packages` (`id`)
) ENGINE=InnoDB DEFAULT CHARSET=utf8mb4 COLLATE=utf8mb4_unicode_ci;
/*!40101 SET character_set_client = @saved_cs_client */;

--
-- Dumping data for table `bookings`
--

LOCK TABLES `bookings` WRITE;
/*!40000 ALTER TABLE `bookings` DISABLE KEYS */;
/*!40000 ALTER TABLE `bookings` ENABLE KEYS */;
UNLOCK TABLES;

--
-- Table structure for table `categories`
--

DROP TABLE IF EXISTS `categories`;
/*!40101 SET @saved_cs_client     = @@character_set_client */;
/*!50503 SET character_set_client = utf8mb4 */;
CREATE TABLE `categories` (
  `id` bigint unsigned NOT NULL AUTO_INCREMENT,
  `name` varchar(255) COLLATE utf8mb4_unicode_ci NOT NULL,
  `slug` varchar(255) COLLATE utf8mb4_unicode_ci DEFAULT NULL,
  `status` varchar(255) COLLATE utf8mb4_unicode_ci DEFAULT NULL,
  `created_at` timestamp NULL DEFAULT NULL,
  `updated_at` timestamp NULL DEFAULT NULL,
  `deleted_at` timestamp NULL DEFAULT NULL,
  PRIMARY KEY (`id`),
  UNIQUE KEY `categories_name_unique` (`name`)
) ENGINE=InnoDB AUTO_INCREMENT=18 DEFAULT CHARSET=utf8mb4 COLLATE=utf8mb4_unicode_ci;
/*!40101 SET character_set_client = @saved_cs_client */;

--
-- Dumping data for table `categories`
--

LOCK TABLES `categories` WRITE;
/*!40000 ALTER TABLE `categories` DISABLE KEYS */;
INSERT INTO `categories` VALUES (1,'Ladarius Littel Jr.','quas-consequatur-quod-nihil-aspernatur','eligendi','2023-04-29 12:11:26','2023-04-29 12:11:26',NULL),(2,'Prof. Jeremie Pollich','incidunt-ut-iste-qui-esse-reiciendis','provident','2023-04-29 12:11:26','2023-04-29 12:11:26',NULL),(3,'Zachery Bogisich','earum-repellendus-ut-hic-pariatur-sit-sit','voluptatem','2023-04-29 12:11:26','2023-04-29 12:11:26',NULL),(4,'Brannon Gaylord','officia-sapiente-consequatur-id-facilis-ut-est','animi','2023-04-29 12:11:26','2023-04-29 12:11:26',NULL),(5,'Prof. Katherine Kessler','qui-unde-enim-et-consectetur-nisi-veniam','cumque','2023-04-29 12:11:26','2023-04-29 12:11:26',NULL),(6,'Ms. Carissa Braun','ea-magni-quisquam-quis-enim-eaque-ducimus-vero','architecto','2023-04-29 12:13:38','2023-04-29 12:13:38',NULL),(7,'Prof. Marcellus Bruen DDS','vel-est-libero-fuga-qui-mollitia-nam-eius-similique','veniam','2023-04-29 12:13:38','2023-04-29 12:13:38',NULL),(8,'Lenora Dickens','vero-aspernatur-voluptatum-soluta-vel-ut-qui-laborum','sit','2023-04-29 12:13:38','2023-04-29 12:13:38',NULL),(9,'Leone Bashirian','corporis-cupiditate-debitis-nisi-eos-atque','mollitia','2023-04-29 12:13:38','2023-04-29 12:13:38',NULL),(10,'Ms. Shanie Hirthe','quam-debitis-ducimus-quidem-et','cum','2023-04-29 12:13:38','2023-04-29 12:13:38',NULL),(11,'Miss Andreane Mueller','quibusdam-aut-facere-quia-ducimus-voluptatem','in','2023-04-29 12:13:38','2023-04-29 12:13:38',NULL),(12,'Cierra Kulas IV','velit-temporibus-dicta-quisquam-inventore-cupiditate-quibusdam-dolores','dolorem','2023-04-29 12:13:39','2023-04-29 12:13:39',NULL),(13,'Nelson Hagenes','veritatis-vel-nam-consequatur-aut-maxime','et','2023-04-29 12:13:39','2023-04-29 12:13:39',NULL),(14,'Michale Swift','vel-eum-dolorem-cupiditate-voluptatem','repellat','2023-04-29 12:13:39','2023-04-29 12:13:39',NULL),(15,'Katharina Mosciski','officiis-commodi-deleniti-aut-ut-molestias-est','sint','2023-04-29 12:13:39','2023-04-29 12:13:39',NULL),(16,'Rowan Maggio','quo-tempore-voluptatibus-sint-magnam-consequatur-sit-nesciunt','quod','2023-04-29 12:13:39','2023-04-29 12:13:39',NULL),(17,'Fay Romaguera','porro-perferendis-nihil-nobis-similique-quasi-dolore-et','ea','2023-04-29 12:13:39','2023-04-29 12:13:39',NULL);
/*!40000 ALTER TABLE `categories` ENABLE KEYS */;
UNLOCK TABLES;

--
-- Table structure for table `category_post`
--

DROP TABLE IF EXISTS `category_post`;
/*!40101 SET @saved_cs_client     = @@character_set_client */;
/*!50503 SET character_set_client = utf8mb4 */;
CREATE TABLE `category_post` (
  `post_id` bigint unsigned NOT NULL,
  `category_id` bigint unsigned NOT NULL,
  KEY `post_id_fk_8405457` (`post_id`),
  KEY `category_id_fk_8405457` (`category_id`),
  CONSTRAINT `category_id_fk_8405457` FOREIGN KEY (`category_id`) REFERENCES `categories` (`id`) ON DELETE CASCADE,
  CONSTRAINT `post_id_fk_8405457` FOREIGN KEY (`post_id`) REFERENCES `posts` (`id`) ON DELETE CASCADE
) ENGINE=InnoDB DEFAULT CHARSET=utf8mb4 COLLATE=utf8mb4_unicode_ci;
/*!40101 SET character_set_client = @saved_cs_client */;

--
-- Dumping data for table `category_post`
--

LOCK TABLES `category_post` WRITE;
/*!40000 ALTER TABLE `category_post` DISABLE KEYS */;
/*!40000 ALTER TABLE `category_post` ENABLE KEYS */;
UNLOCK TABLES;

--
-- Table structure for table `faq_questions`
--

DROP TABLE IF EXISTS `faq_questions`;
/*!40101 SET @saved_cs_client     = @@character_set_client */;
/*!50503 SET character_set_client = utf8mb4 */;
CREATE TABLE `faq_questions` (
  `id` bigint unsigned NOT NULL AUTO_INCREMENT,
  `question` longtext COLLATE utf8mb4_unicode_ci,
  `answer` longtext COLLATE utf8mb4_unicode_ci,
  `category_id` bigint unsigned NOT NULL,
  `created_at` timestamp NULL DEFAULT NULL,
  `updated_at` timestamp NULL DEFAULT NULL,
  `deleted_at` timestamp NULL DEFAULT NULL,
  PRIMARY KEY (`id`),
  KEY `faq_questions_category_id_foreign` (`category_id`),
  CONSTRAINT `faq_questions_category_id_foreign` FOREIGN KEY (`category_id`) REFERENCES `categories` (`id`)
) ENGINE=InnoDB AUTO_INCREMENT=13 DEFAULT CHARSET=utf8mb4 COLLATE=utf8mb4_unicode_ci;
/*!40101 SET character_set_client = @saved_cs_client */;

--
-- Dumping data for table `faq_questions`
--

LOCK TABLES `faq_questions` WRITE;
/*!40000 ALTER TABLE `faq_questions` DISABLE KEYS */;
INSERT INTO `faq_questions` VALUES (1,'natus','cumque',6,'2023-04-29 12:13:38','2023-04-29 12:13:38',NULL),(2,'sint','ipsam',7,'2023-04-29 12:13:38','2023-04-29 12:13:38',NULL),(3,'eos','qui',8,'2023-04-29 12:13:38','2023-04-29 12:13:38',NULL),(4,'saepe','est',9,'2023-04-29 12:13:38','2023-04-29 12:13:38',NULL),(5,'ad','unde',10,'2023-04-29 12:13:38','2023-04-29 12:13:38',NULL),(6,'quia','velit',11,'2023-04-29 12:13:38','2023-04-29 12:13:38',NULL),(7,'debitis','dolorem',12,'2023-04-29 12:13:39','2023-04-29 12:13:39',NULL),(8,'nisi','quos',13,'2023-04-29 12:13:39','2023-04-29 12:13:39',NULL),(9,'minus','vero',14,'2023-04-29 12:13:39','2023-04-29 12:13:39',NULL),(10,'voluptates','totam',15,'2023-04-29 12:13:39','2023-04-29 12:13:39',NULL),(11,'cum','eligendi',16,'2023-04-29 12:13:39','2023-04-29 12:13:39',NULL),(12,'sit','dolore',17,'2023-04-29 12:13:39','2023-04-29 12:13:39',NULL);
/*!40000 ALTER TABLE `faq_questions` ENABLE KEYS */;
UNLOCK TABLES;

--
-- Table structure for table `media`
--

DROP TABLE IF EXISTS `media`;
/*!40101 SET @saved_cs_client     = @@character_set_client */;
/*!50503 SET character_set_client = utf8mb4 */;
CREATE TABLE `media` (
  `id` bigint unsigned NOT NULL AUTO_INCREMENT,
  `model_type` varchar(255) COLLATE utf8mb4_unicode_ci NOT NULL,
  `model_id` bigint unsigned NOT NULL,
  `uuid` char(36) COLLATE utf8mb4_unicode_ci DEFAULT NULL,
  `collection_name` varchar(255) COLLATE utf8mb4_unicode_ci NOT NULL,
  `name` varchar(255) COLLATE utf8mb4_unicode_ci NOT NULL,
  `file_name` varchar(255) COLLATE utf8mb4_unicode_ci NOT NULL,
  `mime_type` varchar(255) COLLATE utf8mb4_unicode_ci DEFAULT NULL,
  `disk` varchar(255) COLLATE utf8mb4_unicode_ci NOT NULL,
  `conversions_disk` varchar(255) COLLATE utf8mb4_unicode_ci DEFAULT NULL,
  `size` bigint unsigned NOT NULL,
  `manipulations` json NOT NULL,
  `custom_properties` json NOT NULL,
  `generated_conversions` json NOT NULL,
  `responsive_images` json NOT NULL,
  `order_column` int unsigned DEFAULT NULL,
  `created_at` timestamp NULL DEFAULT NULL,
  `updated_at` timestamp NULL DEFAULT NULL,
  PRIMARY KEY (`id`),
  UNIQUE KEY `media_uuid_unique` (`uuid`),
  KEY `media_model_type_model_id_index` (`model_type`,`model_id`),
  KEY `media_order_column_index` (`order_column`)
) ENGINE=InnoDB DEFAULT CHARSET=utf8mb4 COLLATE=utf8mb4_unicode_ci;
/*!40101 SET character_set_client = @saved_cs_client */;

--
-- Dumping data for table `media`
--

LOCK TABLES `media` WRITE;
/*!40000 ALTER TABLE `media` DISABLE KEYS */;
/*!40000 ALTER TABLE `media` ENABLE KEYS */;
UNLOCK TABLES;

--
-- Table structure for table `migrations`
--

DROP TABLE IF EXISTS `migrations`;
/*!40101 SET @saved_cs_client     = @@character_set_client */;
/*!50503 SET character_set_client = utf8mb4 */;
CREATE TABLE `migrations` (
  `id` int unsigned NOT NULL AUTO_INCREMENT,
  `migration` varchar(255) COLLATE utf8mb4_unicode_ci NOT NULL,
  `batch` int NOT NULL,
  PRIMARY KEY (`id`)
) ENGINE=InnoDB AUTO_INCREMENT=21 DEFAULT CHARSET=utf8mb4 COLLATE=utf8mb4_unicode_ci;
/*!40101 SET character_set_client = @saved_cs_client */;

--
-- Dumping data for table `migrations`
--

LOCK TABLES `migrations` WRITE;
/*!40000 ALTER TABLE `migrations` DISABLE KEYS */;
INSERT INTO `migrations` VALUES (1,'2014_10_12_100000_create_password_resets_table',1),(2,'2019_12_14_000001_create_personal_access_tokens_table',1),(3,'2023_04_29_000001_create_media_table',1),(4,'2023_04_29_000002_create_permissions_table',1),(5,'2023_04_29_000003_create_roles_table',1),(6,'2023_04_29_000004_create_users_table',1),(7,'2023_04_29_000005_create_categories_table',1),(8,'2023_04_29_000006_create_tags_table',1),(9,'2023_04_29_000007_create_posts_table',1),(10,'2023_04_29_000008_create_services_table',1),(11,'2023_04_29_000009_create_packages_table',1),(12,'2023_04_29_000010_create_bookings_table',1),(13,'2023_04_29_000011_create_settings_table',1),(14,'2023_04_29_000013_create_faq_questions_table',1),(15,'2023_04_29_000014_create_testimonials_table',1),(16,'2023_04_29_000015_create_reviews_table',1),(17,'2023_04_29_000016_create_permission_role_pivot_table',1),(18,'2023_04_29_000017_create_role_user_pivot_table',1),(19,'2023_04_29_000018_create_category_post_pivot_table',1),(20,'2023_04_29_000019_create_post_tag_pivot_table',1);
/*!40000 ALTER TABLE `migrations` ENABLE KEYS */;
UNLOCK TABLES;

--
-- Table structure for table `packages`
--

DROP TABLE IF EXISTS `packages`;
/*!40101 SET @saved_cs_client     = @@character_set_client */;
/*!50503 SET character_set_client = utf8mb4 */;
CREATE TABLE `packages` (
  `id` bigint unsigned NOT NULL AUTO_INCREMENT,
  `title` varchar(255) COLLATE utf8mb4_unicode_ci NOT NULL,
  `slug` varchar(255) COLLATE utf8mb4_unicode_ci DEFAULT NULL,
  `body` longtext COLLATE utf8mb4_unicode_ci,
  `price` int NOT NULL,
  `unit_price` varchar(255) COLLATE utf8mb4_unicode_ci NOT NULL,
  `status` varchar(255) COLLATE utf8mb4_unicode_ci DEFAULT NULL,
  `created_at` timestamp NULL DEFAULT NULL,
  `updated_at` timestamp NULL DEFAULT NULL,
  `deleted_at` timestamp NULL DEFAULT NULL,
  PRIMARY KEY (`id`),
  UNIQUE KEY `packages_title_unique` (`title`)
) ENGINE=InnoDB AUTO_INCREMENT=6 DEFAULT CHARSET=utf8mb4 COLLATE=utf8mb4_unicode_ci;
/*!40101 SET character_set_client = @saved_cs_client */;

--
-- Dumping data for table `packages`
--

LOCK TABLES `packages` WRITE;
/*!40000 ALTER TABLE `packages` DISABLE KEYS */;
INSERT INTO `packages` VALUES (1,'similique','quos-asperiores-reprehenderit-labore-et-qui-recusandae','voluptatem',9449681,'repudiandae','id','2023-04-29 12:12:23','2023-04-29 12:12:23',NULL),(2,'dolor','dolorem-dolorum-autem-incidunt-quisquam','aperiam',6867,'laborum','sint','2023-04-29 12:12:23','2023-04-29 12:12:23',NULL),(3,'distinctio','qui-tenetur-odio-libero-aut','quia',32,'labore','autem','2023-04-29 12:12:23','2023-04-29 12:12:23',NULL),(4,'fuga','et-minima-architecto-qui-quis-repellat-culpa','ducimus',57878,'accusantium','fugit','2023-04-29 12:12:23','2023-04-29 12:12:23',NULL),(5,'dolorem','dolores-totam-fugit-consequuntur-ea-architecto-ex-modi','eligendi',224963,'atque','iusto','2023-04-29 12:12:23','2023-04-29 12:12:23',NULL);
/*!40000 ALTER TABLE `packages` ENABLE KEYS */;
UNLOCK TABLES;

--
-- Table structure for table `password_resets`
--

DROP TABLE IF EXISTS `password_resets`;
/*!40101 SET @saved_cs_client     = @@character_set_client */;
/*!50503 SET character_set_client = utf8mb4 */;
CREATE TABLE `password_resets` (
  `email` varchar(255) COLLATE utf8mb4_unicode_ci NOT NULL,
  `token` varchar(255) COLLATE utf8mb4_unicode_ci NOT NULL,
  `created_at` timestamp NULL DEFAULT NULL,
  KEY `password_resets_email_index` (`email`)
) ENGINE=InnoDB DEFAULT CHARSET=utf8mb4 COLLATE=utf8mb4_unicode_ci;
/*!40101 SET character_set_client = @saved_cs_client */;

--
-- Dumping data for table `password_resets`
--

LOCK TABLES `password_resets` WRITE;
/*!40000 ALTER TABLE `password_resets` DISABLE KEYS */;
/*!40000 ALTER TABLE `password_resets` ENABLE KEYS */;
UNLOCK TABLES;

--
-- Table structure for table `permission_role`
--

DROP TABLE IF EXISTS `permission_role`;
/*!40101 SET @saved_cs_client     = @@character_set_client */;
/*!50503 SET character_set_client = utf8mb4 */;
CREATE TABLE `permission_role` (
  `role_id` bigint unsigned NOT NULL,
  `permission_id` bigint unsigned NOT NULL,
  KEY `role_id_fk_8404314` (`role_id`),
  KEY `permission_id_fk_8404314` (`permission_id`),
  CONSTRAINT `permission_id_fk_8404314` FOREIGN KEY (`permission_id`) REFERENCES `permissions` (`id`) ON DELETE CASCADE,
  CONSTRAINT `role_id_fk_8404314` FOREIGN KEY (`role_id`) REFERENCES `roles` (`id`) ON DELETE CASCADE
) ENGINE=InnoDB DEFAULT CHARSET=utf8mb4 COLLATE=utf8mb4_unicode_ci;
/*!40101 SET character_set_client = @saved_cs_client */;

--
-- Dumping data for table `permission_role`
--

LOCK TABLES `permission_role` WRITE;
/*!40000 ALTER TABLE `permission_role` DISABLE KEYS */;
INSERT INTO `permission_role` VALUES (1,1),(1,2),(1,3),(1,4),(1,5),(1,6),(1,7),(1,8),(1,9),(1,10),(1,11),(1,12),(1,13),(1,14),(1,15),(1,16),(1,17),(1,18),(1,19),(1,20),(1,21),(1,22),(1,23),(1,24),(1,25),(1,26),(1,27),(1,28),(1,29),(1,30),(1,31),(1,32),(1,33),(1,34),(1,35),(1,36),(1,37),(1,38),(1,39),(1,40),(1,41),(1,42),(1,43),(1,44),(1,45),(1,46),(1,47),(1,48),(1,49),(1,50),(1,51),(1,52),(1,53),(1,54),(1,55),(1,56),(1,57),(1,58),(1,59),(1,60),(1,61),(1,62),(1,63),(1,64),(1,65),(1,66),(1,67),(1,68),(1,69),(1,70),(1,71),(1,72),(1,73),(1,74),(2,17),(2,18),(2,19),(2,20),(2,21),(2,22),(2,23),(2,24),(2,25),(2,26),(2,27),(2,28),(2,29),(2,30),(2,31),(2,32),(2,33),(2,34),(2,35),(2,36),(2,37),(2,38),(2,39),(2,40),(2,41),(2,42),(2,43),(2,44),(2,45),(2,46),(2,47),(2,48),(2,49),(2,50),(2,51),(2,52),(2,53),(2,54),(2,55),(2,56),(2,57),(2,58),(2,59),(2,60),(2,61),(2,62),(2,63),(2,64),(2,65),(2,66),(2,67),(2,68),(2,69),(2,70),(2,71),(2,72),(2,73),(2,74);
/*!40000 ALTER TABLE `permission_role` ENABLE KEYS */;
UNLOCK TABLES;

--
-- Table structure for table `permissions`
--

DROP TABLE IF EXISTS `permissions`;
/*!40101 SET @saved_cs_client     = @@character_set_client */;
/*!50503 SET character_set_client = utf8mb4 */;
CREATE TABLE `permissions` (
  `id` bigint unsigned NOT NULL AUTO_INCREMENT,
  `title` varchar(255) COLLATE utf8mb4_unicode_ci DEFAULT NULL,
  `created_at` timestamp NULL DEFAULT NULL,
  `updated_at` timestamp NULL DEFAULT NULL,
  `deleted_at` timestamp NULL DEFAULT NULL,
  PRIMARY KEY (`id`)
) ENGINE=InnoDB AUTO_INCREMENT=75 DEFAULT CHARSET=utf8mb4 COLLATE=utf8mb4_unicode_ci;
/*!40101 SET character_set_client = @saved_cs_client */;

--
-- Dumping data for table `permissions`
--

LOCK TABLES `permissions` WRITE;
/*!40000 ALTER TABLE `permissions` DISABLE KEYS */;
INSERT INTO `permissions` VALUES (1,'user_management_access',NULL,NULL,NULL),(2,'permission_create',NULL,NULL,NULL),(3,'permission_edit',NULL,NULL,NULL),(4,'permission_show',NULL,NULL,NULL),(5,'permission_delete',NULL,NULL,NULL),(6,'permission_access',NULL,NULL,NULL),(7,'role_create',NULL,NULL,NULL),(8,'role_edit',NULL,NULL,NULL),(9,'role_show',NULL,NULL,NULL),(10,'role_delete',NULL,NULL,NULL),(11,'role_access',NULL,NULL,NULL),(12,'user_create',NULL,NULL,NULL),(13,'user_edit',NULL,NULL,NULL),(14,'user_show',NULL,NULL,NULL),(15,'user_delete',NULL,NULL,NULL),(16,'user_access',NULL,NULL,NULL),(17,'category_create',NULL,NULL,NULL),(18,'category_edit',NULL,NULL,NULL),(19,'category_show',NULL,NULL,NULL),(20,'category_delete',NULL,NULL,NULL),(21,'category_access',NULL,NULL,NULL),(22,'tag_create',NULL,NULL,NULL),(23,'tag_edit',NULL,NULL,NULL),(24,'tag_show',NULL,NULL,NULL),(25,'tag_delete',NULL,NULL,NULL),(26,'tag_access',NULL,NULL,NULL),(27,'post_create',NULL,NULL,NULL),(28,'post_edit',NULL,NULL,NULL),(29,'post_show',NULL,NULL,NULL),(30,'post_delete',NULL,NULL,NULL),(31,'post_access',NULL,NULL,NULL),(32,'service_create',NULL,NULL,NULL),(33,'service_edit',NULL,NULL,NULL),(34,'service_show',NULL,NULL,NULL),(35,'service_delete',NULL,NULL,NULL),(36,'service_access',NULL,NULL,NULL),(37,'package_create',NULL,NULL,NULL),(38,'package_edit',NULL,NULL,NULL),(39,'package_show',NULL,NULL,NULL),(40,'package_delete',NULL,NULL,NULL),(41,'package_access',NULL,NULL,NULL),(42,'booking_create',NULL,NULL,NULL),(43,'booking_edit',NULL,NULL,NULL),(44,'booking_show',NULL,NULL,NULL),(45,'booking_delete',NULL,NULL,NULL),(46,'booking_access',NULL,NULL,NULL),(47,'setting_create',NULL,NULL,NULL),(48,'setting_edit',NULL,NULL,NULL),(49,'setting_show',NULL,NULL,NULL),(50,'setting_delete',NULL,NULL,NULL),(51,'setting_access',NULL,NULL,NULL),(52,'faq_management_access',NULL,NULL,NULL),(53,'faq_category_create',NULL,NULL,NULL),(54,'faq_category_edit',NULL,NULL,NULL),(55,'faq_category_show',NULL,NULL,NULL),(56,'faq_category_delete',NULL,NULL,NULL),(57,'faq_category_access',NULL,NULL,NULL),(58,'faq_question_create',NULL,NULL,NULL),(59,'faq_question_edit',NULL,NULL,NULL),(60,'faq_question_show',NULL,NULL,NULL),(61,'faq_question_delete',NULL,NULL,NULL),(62,'faq_question_access',NULL,NULL,NULL),(63,'testimonial_create',NULL,NULL,NULL),(64,'testimonial_edit',NULL,NULL,NULL),(65,'testimonial_show',NULL,NULL,NULL),(66,'testimonial_delete',NULL,NULL,NULL),(67,'testimonial_access',NULL,NULL,NULL),(68,'review_create',NULL,NULL,NULL),(69,'review_edit',NULL,NULL,NULL),(70,'review_show',NULL,NULL,NULL),(71,'review_delete',NULL,NULL,NULL),(72,'review_access',NULL,NULL,NULL),(73,'post_management_access',NULL,NULL,NULL),(74,'profile_password_edit',NULL,NULL,NULL);
/*!40000 ALTER TABLE `permissions` ENABLE KEYS */;
UNLOCK TABLES;

--
-- Table structure for table `personal_access_tokens`
--

DROP TABLE IF EXISTS `personal_access_tokens`;
/*!40101 SET @saved_cs_client     = @@character_set_client */;
/*!50503 SET character_set_client = utf8mb4 */;
CREATE TABLE `personal_access_tokens` (
  `id` bigint unsigned NOT NULL AUTO_INCREMENT,
  `tokenable_type` varchar(255) COLLATE utf8mb4_unicode_ci NOT NULL,
  `tokenable_id` bigint unsigned NOT NULL,
  `name` varchar(255) COLLATE utf8mb4_unicode_ci NOT NULL,
  `token` varchar(64) COLLATE utf8mb4_unicode_ci NOT NULL,
  `abilities` text COLLATE utf8mb4_unicode_ci,
  `last_used_at` timestamp NULL DEFAULT NULL,
  `expires_at` timestamp NULL DEFAULT NULL,
  `created_at` timestamp NULL DEFAULT NULL,
  `updated_at` timestamp NULL DEFAULT NULL,
  PRIMARY KEY (`id`),
  UNIQUE KEY `personal_access_tokens_token_unique` (`token`),
  KEY `personal_access_tokens_tokenable_type_tokenable_id_index` (`tokenable_type`,`tokenable_id`)
) ENGINE=InnoDB DEFAULT CHARSET=utf8mb4 COLLATE=utf8mb4_unicode_ci;
/*!40101 SET character_set_client = @saved_cs_client */;

--
-- Dumping data for table `personal_access_tokens`
--

LOCK TABLES `personal_access_tokens` WRITE;
/*!40000 ALTER TABLE `personal_access_tokens` DISABLE KEYS */;
/*!40000 ALTER TABLE `personal_access_tokens` ENABLE KEYS */;
UNLOCK TABLES;

--
-- Table structure for table `post_tag`
--

DROP TABLE IF EXISTS `post_tag`;
/*!40101 SET @saved_cs_client     = @@character_set_client */;
/*!50503 SET character_set_client = utf8mb4 */;
CREATE TABLE `post_tag` (
  `post_id` bigint unsigned NOT NULL,
  `tag_id` bigint unsigned NOT NULL,
  KEY `post_id_fk_8405458` (`post_id`),
  KEY `tag_id_fk_8405458` (`tag_id`),
  CONSTRAINT `post_id_fk_8405458` FOREIGN KEY (`post_id`) REFERENCES `posts` (`id`) ON DELETE CASCADE,
  CONSTRAINT `tag_id_fk_8405458` FOREIGN KEY (`tag_id`) REFERENCES `tags` (`id`) ON DELETE CASCADE
) ENGINE=InnoDB DEFAULT CHARSET=utf8mb4 COLLATE=utf8mb4_unicode_ci;
/*!40101 SET character_set_client = @saved_cs_client */;

--
-- Dumping data for table `post_tag`
--

LOCK TABLES `post_tag` WRITE;
/*!40000 ALTER TABLE `post_tag` DISABLE KEYS */;
/*!40000 ALTER TABLE `post_tag` ENABLE KEYS */;
UNLOCK TABLES;

--
-- Table structure for table `posts`
--

DROP TABLE IF EXISTS `posts`;
/*!40101 SET @saved_cs_client     = @@character_set_client */;
/*!50503 SET character_set_client = utf8mb4 */;
CREATE TABLE `posts` (
  `id` bigint unsigned NOT NULL AUTO_INCREMENT,
  `title` varchar(255) COLLATE utf8mb4_unicode_ci NOT NULL,
  `slug` varchar(255) COLLATE utf8mb4_unicode_ci DEFAULT NULL,
  `body` longtext COLLATE utf8mb4_unicode_ci NOT NULL,
  `status` varchar(255) COLLATE utf8mb4_unicode_ci DEFAULT NULL,
  `author_id` bigint unsigned NOT NULL,
  `created_at` timestamp NULL DEFAULT NULL,
  `updated_at` timestamp NULL DEFAULT NULL,
  `deleted_at` timestamp NULL DEFAULT NULL,
  PRIMARY KEY (`id`),
  KEY `posts_author_id_foreign` (`author_id`),
  CONSTRAINT `posts_author_id_foreign` FOREIGN KEY (`author_id`) REFERENCES `users` (`id`)
) ENGINE=InnoDB AUTO_INCREMENT=201 DEFAULT CHARSET=utf8mb4 COLLATE=utf8mb4_unicode_ci;
/*!40101 SET character_set_client = @saved_cs_client */;

--
-- Dumping data for table `posts`
--

LOCK TABLES `posts` WRITE;
/*!40000 ALTER TABLE `posts` DISABLE KEYS */;
INSERT INTO `posts` VALUES (1,'et','aut-molestiae-molestiae-provident-dolorum-voluptate','illo','facilis',12,'2023-04-29 12:11:27','2023-04-29 12:11:27',NULL),(2,'quia','quos-ut-mollitia-veritatis-tempora-dicta-quasi-vel','nihil','similique',13,'2023-04-29 12:11:27','2023-04-29 12:11:27',NULL),(3,'facilis','asperiores-quo-qui-est-error','consequatur','excepturi',14,'2023-04-29 12:11:27','2023-04-29 12:11:27',NULL),(4,'minus','similique-officiis-est-numquam-fugit-ab','maxime','aut',15,'2023-04-29 12:11:28','2023-04-29 12:11:28',NULL),(5,'sed','libero-quia-amet-est-repellendus-et-dignissimos-dolore','repellendus','voluptas',16,'2023-04-29 12:11:28','2023-04-29 12:11:28',NULL),(6,'labore','deserunt-libero-est-laboriosam-voluptatem-ullam-aut','at','expedita',17,'2023-04-29 12:11:28','2023-04-29 12:11:28',NULL),(7,'ut','vitae-voluptatem-non-fugit-qui-quae-nemo','unde','expedita',18,'2023-04-29 12:11:28','2023-04-29 12:11:28',NULL),(8,'facilis','omnis-qui-unde-nisi-enim-voluptate-ab','possimus','dicta',19,'2023-04-29 12:11:28','2023-04-29 12:11:28',NULL),(9,'et','nemo-suscipit-quis-adipisci-asperiores','laboriosam','architecto',20,'2023-04-29 12:11:28','2023-04-29 12:11:28',NULL),(10,'impedit','rerum-architecto-eos-reiciendis-eveniet-quis-nemo','quo','non',21,'2023-04-29 12:11:28','2023-04-29 12:11:28',NULL),(11,'vel','non-eum-vero-dolore-aut-atque-quos-beatae','sunt','excepturi',22,'2023-04-29 12:11:28','2023-04-29 12:11:28',NULL),(12,'sequi','sint-voluptates-laudantium-est-voluptatibus-sit','eius','consequatur',23,'2023-04-29 12:11:28','2023-04-29 12:11:28',NULL),(13,'animi','et-odit-fugiat-quaerat-sapiente-sunt-ratione-blanditiis-voluptas','odio','ad',24,'2023-04-29 12:11:29','2023-04-29 12:11:29',NULL),(14,'qui','sapiente-maiores-aut-et-et-accusamus-quia-ipsa','accusamus','facere',25,'2023-04-29 12:11:29','2023-04-29 12:11:29',NULL),(15,'sit','facilis-deserunt-libero-laudantium-aspernatur-nulla','rerum','omnis',26,'2023-04-29 12:11:29','2023-04-29 12:11:29',NULL),(16,'ratione','maiores-sed-omnis-optio-deserunt-corrupti-recusandae','molestiae','qui',27,'2023-04-29 12:11:29','2023-04-29 12:11:29',NULL),(17,'dignissimos','unde-culpa-fugit-quo-non-eum','accusantium','id',28,'2023-04-29 12:11:29','2023-04-29 12:11:29',NULL),(18,'odit','fuga-aperiam-minima-sed-molestias','cumque','vel',29,'2023-04-29 12:11:29','2023-04-29 12:11:29',NULL),(19,'molestiae','excepturi-soluta-recusandae-repellendus-et','quod','voluptates',30,'2023-04-29 12:11:29','2023-04-29 12:11:29',NULL),(20,'id','et-incidunt-occaecati-tenetur','atque','molestiae',31,'2023-04-29 12:11:30','2023-04-29 12:11:30',NULL),(21,'saepe','eveniet-quo-vitae-qui','ut','eum',32,'2023-04-29 12:11:30','2023-04-29 12:11:30',NULL),(22,'et','non-possimus-iure-facere-asperiores-dolores','placeat','similique',33,'2023-04-29 12:11:30','2023-04-29 12:11:30',NULL),(23,'eos','quasi-impedit-provident-nesciunt','mollitia','ut',34,'2023-04-29 12:11:30','2023-04-29 12:11:30',NULL),(24,'reiciendis','asperiores-dicta-voluptatem-praesentium-et','aut','inventore',35,'2023-04-29 12:11:30','2023-04-29 12:11:30',NULL),(25,'accusamus','distinctio-enim-nesciunt-ipsam-sed','numquam','animi',36,'2023-04-29 12:11:30','2023-04-29 12:11:30',NULL),(26,'modi','quis-voluptatem-omnis-perferendis-voluptatem-enim-ratione-impedit','officiis','exercitationem',37,'2023-04-29 12:11:30','2023-04-29 12:11:30',NULL),(27,'impedit','accusamus-sed-reprehenderit-earum-ipsam-repellendus-et-dolor','vitae','ipsa',38,'2023-04-29 12:11:30','2023-04-29 12:11:30',NULL),(28,'dolorum','explicabo-fugit-voluptatem-sed-non-sint-tenetur','id','voluptatem',39,'2023-04-29 12:11:31','2023-04-29 12:11:31',NULL),(29,'natus','aperiam-ut-qui-quia-quia-non-quo','odio','veritatis',40,'2023-04-29 12:11:31','2023-04-29 12:11:31',NULL),(30,'excepturi','et-et-iure-reprehenderit-cum-et','minima','voluptatem',41,'2023-04-29 12:11:31','2023-04-29 12:11:31',NULL),(31,'fugit','eveniet-deserunt-velit-dolorem-nostrum','et','non',42,'2023-04-29 12:11:31','2023-04-29 12:11:31',NULL),(32,'aut','saepe-delectus-aut-est-perspiciatis-perferendis-est','assumenda','maxime',43,'2023-04-29 12:11:31','2023-04-29 12:11:31',NULL),(33,'nobis','doloribus-tenetur-eum-ut-est-voluptas-ut-ipsum','labore','accusamus',44,'2023-04-29 12:11:31','2023-04-29 12:11:31',NULL),(34,'nihil','dolor-dolores-nostrum-doloremque-temporibus-exercitationem-ut-voluptatem-eos','veniam','quaerat',45,'2023-04-29 12:11:31','2023-04-29 12:11:31',NULL),(35,'fugiat','blanditiis-omnis-rem-porro-consectetur-autem-numquam','id','ipsa',46,'2023-04-29 12:11:32','2023-04-29 12:11:32',NULL),(36,'tempora','vel-voluptatem-laudantium-est-perferendis-animi-doloribus-quos','velit','totam',47,'2023-04-29 12:11:32','2023-04-29 12:11:32',NULL),(37,'dolores','quibusdam-molestias-odit-et-rerum-nesciunt-ut','qui','commodi',48,'2023-04-29 12:11:32','2023-04-29 12:11:32',NULL),(38,'molestias','consequatur-ut-eligendi-ea-ut-neque-commodi-et','distinctio','vero',49,'2023-04-29 12:11:32','2023-04-29 12:11:32',NULL),(39,'deserunt','quis-dolore-nihil-aspernatur-autem-quo','eum','consectetur',50,'2023-04-29 12:11:32','2023-04-29 12:11:32',NULL),(40,'tempora','omnis-omnis-deleniti-eius-occaecati-assumenda-qui-delectus','rerum','assumenda',51,'2023-04-29 12:11:32','2023-04-29 12:11:32',NULL),(41,'omnis','atque-natus-nobis-non','id','qui',52,'2023-04-29 12:11:33','2023-04-29 12:11:33',NULL),(42,'voluptatem','earum-assumenda-non-repudiandae-esse-doloremque-minima-ipsum','neque','rem',53,'2023-04-29 12:11:33','2023-04-29 12:11:33',NULL),(43,'tenetur','illo-voluptates-odit-excepturi-recusandae','voluptas','voluptas',54,'2023-04-29 12:11:33','2023-04-29 12:11:33',NULL),(44,'soluta','pariatur-illum-sed-ad-molestias-nulla-et-fugit','aut','aut',55,'2023-04-29 12:11:33','2023-04-29 12:11:33',NULL),(45,'nulla','tempora-quo-minus-et-quia-aut-inventore-in','illo','maxime',56,'2023-04-29 12:11:33','2023-04-29 12:11:33',NULL),(46,'eos','dolores-cupiditate-ut-et-sint','temporibus','voluptatum',57,'2023-04-29 12:11:33','2023-04-29 12:11:33',NULL),(47,'eum','ut-debitis-omnis-aut','rerum','eius',58,'2023-04-29 12:11:33','2023-04-29 12:11:33',NULL),(48,'dicta','eum-est-suscipit-beatae-eius-quis-quos','voluptate','quaerat',59,'2023-04-29 12:11:34','2023-04-29 12:11:34',NULL),(49,'ea','dolor-iure-rerum-explicabo','dolorem','voluptate',60,'2023-04-29 12:11:34','2023-04-29 12:11:34',NULL),(50,'itaque','corrupti-sit-quos-aspernatur','omnis','est',61,'2023-04-29 12:11:34','2023-04-29 12:11:34',NULL),(51,'voluptas','ab-quasi-rerum-in-suscipit-asperiores','magni','soluta',62,'2023-04-29 12:11:34','2023-04-29 12:11:34',NULL),(52,'sit','quidem-ea-dolor-aliquid-asperiores-molestiae-dolore','veritatis','magni',63,'2023-04-29 12:11:34','2023-04-29 12:11:34',NULL),(53,'quo','aut-eos-pariatur-iure-soluta-rerum-qui-a','quo','quis',64,'2023-04-29 12:11:34','2023-04-29 12:11:34',NULL),(54,'non','explicabo-impedit-occaecati-sapiente-perspiciatis-reprehenderit-consequatur','quis','cupiditate',65,'2023-04-29 12:11:34','2023-04-29 12:11:34',NULL),(55,'veniam','culpa-omnis-ipsa-voluptatem-quae','voluptates','quia',66,'2023-04-29 12:11:34','2023-04-29 12:11:34',NULL),(56,'eos','amet-omnis-unde-facere','in','molestias',67,'2023-04-29 12:11:35','2023-04-29 12:11:35',NULL),(57,'qui','quam-dolorem-voluptatibus-dolorem-commodi-quasi-tempora-voluptates','qui','deleniti',68,'2023-04-29 12:11:35','2023-04-29 12:11:35',NULL),(58,'fugiat','ab-necessitatibus-exercitationem-nihil-repudiandae-eos-ratione','alias','rem',69,'2023-04-29 12:11:35','2023-04-29 12:11:35',NULL),(59,'id','libero-minima-quisquam-laudantium-quia','commodi','blanditiis',70,'2023-04-29 12:11:35','2023-04-29 12:11:35',NULL),(60,'explicabo','qui-optio-voluptatum-quis-saepe-nobis-assumenda-corrupti','porro','unde',71,'2023-04-29 12:11:35','2023-04-29 12:11:35',NULL),(61,'dolores','est-tenetur-fugit-culpa-quam-et','sunt','ea',72,'2023-04-29 12:11:35','2023-04-29 12:11:35',NULL),(62,'voluptatem','qui-quae-et-maiores-iusto-aliquam-est','quia','maxime',73,'2023-04-29 12:11:35','2023-04-29 12:11:35',NULL),(63,'qui','ut-dolorem-possimus-repellendus','sapiente','omnis',74,'2023-04-29 12:11:35','2023-04-29 12:11:35',NULL),(64,'atque','est-voluptatem-sed-ut-et-asperiores','quisquam','animi',75,'2023-04-29 12:11:36','2023-04-29 12:11:36',NULL),(65,'vitae','accusamus-id-sit-aperiam-vel-rerum-rerum-similique-eligendi','in','qui',76,'2023-04-29 12:11:36','2023-04-29 12:11:36',NULL),(66,'recusandae','a-quia-beatae-et-velit-soluta-excepturi-velit-placeat','et','aspernatur',77,'2023-04-29 12:11:36','2023-04-29 12:11:36',NULL),(67,'ut','illum-sit-voluptatem-harum-quia-rerum-et','dolores','ut',78,'2023-04-29 12:11:36','2023-04-29 12:11:36',NULL),(68,'eum','in-dolorem-cumque-inventore-ullam-voluptatem-ut-cupiditate-qui','pariatur','aut',79,'2023-04-29 12:11:36','2023-04-29 12:11:36',NULL),(69,'dolores','quisquam-qui-ducimus-quibusdam-ut','distinctio','quo',80,'2023-04-29 12:11:36','2023-04-29 12:11:36',NULL),(70,'blanditiis','fuga-autem-harum-accusantium-modi-dolor-fugit-et','ab','perspiciatis',81,'2023-04-29 12:11:36','2023-04-29 12:11:36',NULL),(71,'earum','fugiat-mollitia-eos-repellat-aut-mollitia-explicabo','velit','quaerat',82,'2023-04-29 12:11:36','2023-04-29 12:11:36',NULL),(72,'autem','sed-velit-eum-natus-et-et-dolor-in','ipsa','omnis',83,'2023-04-29 12:11:37','2023-04-29 12:11:37',NULL),(73,'nam','minima-est-est-magnam-inventore-qui-eos','accusamus','magnam',84,'2023-04-29 12:11:37','2023-04-29 12:11:37',NULL),(74,'ipsa','commodi-eum-magnam-repudiandae','voluptas','expedita',85,'2023-04-29 12:11:37','2023-04-29 12:11:37',NULL),(75,'laboriosam','officia-rerum-eos-dolor-architecto-commodi','odit','possimus',86,'2023-04-29 12:11:37','2023-04-29 12:11:37',NULL),(76,'qui','ad-cumque-minima-reiciendis-sunt-quisquam-sed','ut','corrupti',87,'2023-04-29 12:11:37','2023-04-29 12:11:37',NULL),(77,'aut','aspernatur-distinctio-tempora-nihil-et-saepe','asperiores','soluta',88,'2023-04-29 12:11:37','2023-04-29 12:11:37',NULL),(78,'deleniti','qui-iusto-provident-ducimus-sunt-ipsum-eum-voluptate','et','dolore',89,'2023-04-29 12:11:37','2023-04-29 12:11:37',NULL),(79,'qui','nemo-sequi-perspiciatis-aut-perspiciatis-magnam-voluptas-iure','pariatur','maiores',90,'2023-04-29 12:11:38','2023-04-29 12:11:38',NULL),(80,'commodi','ea-fugiat-placeat-ad-omnis-aperiam','quas','et',91,'2023-04-29 12:11:38','2023-04-29 12:11:38',NULL),(81,'blanditiis','atque-et-suscipit-incidunt-ducimus-at','magni','deleniti',92,'2023-04-29 12:11:38','2023-04-29 12:11:38',NULL),(82,'in','qui-maxime-quas-aut-quia-dicta-consequatur-qui-distinctio','quam','sunt',93,'2023-04-29 12:11:38','2023-04-29 12:11:38',NULL),(83,'quia','quis-quas-aliquid-quaerat-ut','soluta','voluptatem',94,'2023-04-29 12:11:38','2023-04-29 12:11:38',NULL),(84,'ad','quidem-consectetur-quia-atque-tempora-animi-minima-et-voluptas','minima','laborum',95,'2023-04-29 12:11:38','2023-04-29 12:11:38',NULL),(85,'nam','aut-velit-quasi-qui-saepe-omnis-ipsum-animi','voluptatem','fuga',96,'2023-04-29 12:11:39','2023-04-29 12:11:39',NULL),(86,'aut','voluptas-rerum-sed-sit-nulla-quis','nam','sequi',97,'2023-04-29 12:11:39','2023-04-29 12:11:39',NULL),(87,'sit','iusto-dolor-hic-ad-molestiae-dolor','deleniti','maiores',98,'2023-04-29 12:11:39','2023-04-29 12:11:39',NULL),(88,'eum','sed-nulla-neque-delectus-et-et-aut-dolores-similique','ut','aperiam',99,'2023-04-29 12:11:39','2023-04-29 12:11:39',NULL),(89,'aut','praesentium-quo-et-voluptate-tempora-non-est','tenetur','culpa',100,'2023-04-29 12:11:39','2023-04-29 12:11:39',NULL),(90,'qui','omnis-alias-ipsum-quisquam-ducimus-omnis-aspernatur-asperiores','non','aliquam',101,'2023-04-29 12:11:39','2023-04-29 12:11:39',NULL),(91,'cum','pariatur-id-est-recusandae-minima-et-nulla-sunt','necessitatibus','neque',102,'2023-04-29 12:11:40','2023-04-29 12:11:40',NULL),(92,'laboriosam','expedita-debitis-maxime-aspernatur-hic-harum-eius-qui','dicta','excepturi',103,'2023-04-29 12:11:40','2023-04-29 12:11:40',NULL),(93,'sequi','aliquam-ut-praesentium-voluptatem-adipisci','ipsa','eos',104,'2023-04-29 12:11:40','2023-04-29 12:11:40',NULL),(94,'molestias','laborum-labore-commodi-ipsam-officiis-nemo-assumenda','omnis','perferendis',105,'2023-04-29 12:11:40','2023-04-29 12:11:40',NULL),(95,'inventore','sit-distinctio-vitae-modi-nulla','ipsa','iusto',106,'2023-04-29 12:11:40','2023-04-29 12:11:40',NULL),(96,'tempora','enim-labore-in-ratione-vel-at-inventore-voluptatibus-dicta','eveniet','ullam',107,'2023-04-29 12:11:40','2023-04-29 12:11:40',NULL),(97,'dolore','facere-est-ipsum-aperiam-accusamus','repudiandae','omnis',108,'2023-04-29 12:11:40','2023-04-29 12:11:40',NULL),(98,'atque','perspiciatis-aut-ipsam-recusandae-enim-ipsam-earum-cum','vitae','non',109,'2023-04-29 12:11:41','2023-04-29 12:11:41',NULL),(99,'iusto','est-debitis-a-maxime-eius-inventore-voluptate-iste','aperiam','tempora',110,'2023-04-29 12:11:41','2023-04-29 12:11:41',NULL),(100,'corrupti','provident-iure-quis-voluptas-at-assumenda-ipsam-consequuntur-est','perspiciatis','quis',111,'2023-04-29 12:11:41','2023-04-29 12:11:41',NULL),(101,'dolores','autem-consequuntur-quis-ipsa-consequatur-voluptatem-praesentium-sit','dolor','expedita',112,'2023-04-29 12:11:41','2023-04-29 12:11:41',NULL),(102,'amet','et-inventore-eos-itaque-sit-autem-dolor-facilis-quam','eius','at',113,'2023-04-29 12:11:41','2023-04-29 12:11:41',NULL),(103,'neque','voluptas-assumenda-dolores-autem-amet','id','accusantium',114,'2023-04-29 12:11:41','2023-04-29 12:11:41',NULL),(104,'aliquam','labore-nisi-ipsam-animi-accusantium-quo-aut','corrupti','enim',115,'2023-04-29 12:11:41','2023-04-29 12:11:41',NULL),(105,'veniam','in-nostrum-quis-exercitationem','omnis','blanditiis',116,'2023-04-29 12:11:42','2023-04-29 12:11:42',NULL),(106,'provident','consequatur-tempora-et-sunt-rerum-adipisci-nam-velit','consectetur','praesentium',117,'2023-04-29 12:11:42','2023-04-29 12:11:42',NULL),(107,'non','enim-modi-aliquam-numquam-sed-minus-ad-in-dolore','aut','ab',118,'2023-04-29 12:11:42','2023-04-29 12:11:42',NULL),(108,'sunt','temporibus-et-corrupti-quo-aperiam-nostrum-in-eveniet-blanditiis','exercitationem','voluptatibus',119,'2023-04-29 12:11:42','2023-04-29 12:11:42',NULL),(109,'harum','sed-possimus-aliquam-et-sit-et-distinctio-corporis','et','magni',120,'2023-04-29 12:11:42','2023-04-29 12:11:42',NULL),(110,'mollitia','nesciunt-qui-non-non-dicta','explicabo','quod',121,'2023-04-29 12:11:42','2023-04-29 12:11:42',NULL),(111,'molestias','quos-quasi-doloremque-facilis-et-eos-nostrum-esse','aut','officiis',122,'2023-04-29 12:11:42','2023-04-29 12:11:42',NULL),(112,'nobis','voluptate-ut-sit-ipsam-minima-nihil-quis','amet','in',123,'2023-04-29 12:11:42','2023-04-29 12:11:42',NULL),(113,'at','illo-voluptatem-corporis-eum-aut','minus','eum',124,'2023-04-29 12:11:43','2023-04-29 12:11:43',NULL),(114,'voluptatem','ut-eum-voluptatem-consequatur-illum-at-qui','in','autem',125,'2023-04-29 12:11:43','2023-04-29 12:11:43',NULL),(115,'repudiandae','illum-odio-esse-est-exercitationem','molestias','corporis',126,'2023-04-29 12:11:43','2023-04-29 12:11:43',NULL),(116,'ut','mollitia-labore-dolor-a','suscipit','porro',127,'2023-04-29 12:11:43','2023-04-29 12:11:43',NULL),(117,'sequi','libero-veritatis-repellat-voluptate-quia-et-architecto','aut','aut',128,'2023-04-29 12:11:43','2023-04-29 12:11:43',NULL),(118,'eligendi','temporibus-occaecati-dolores-sit-qui-esse','at','in',129,'2023-04-29 12:11:43','2023-04-29 12:11:43',NULL),(119,'doloremque','qui-expedita-quia-esse-ipsam-soluta-voluptatem','et','quis',130,'2023-04-29 12:11:43','2023-04-29 12:11:43',NULL),(120,'illum','voluptas-nemo-adipisci-dolores-dolorem-ut','adipisci','repellendus',131,'2023-04-29 12:11:43','2023-04-29 12:11:43',NULL),(121,'voluptatem','cum-assumenda-ut-et-sapiente-qui-excepturi','sed','porro',132,'2023-04-29 12:11:44','2023-04-29 12:11:44',NULL),(122,'id','quisquam-excepturi-porro-aspernatur-excepturi-culpa-velit','impedit','quis',133,'2023-04-29 12:11:44','2023-04-29 12:11:44',NULL),(123,'corporis','et-doloremque-nihil-corrupti-reprehenderit-commodi-quidem-facere','quae','est',134,'2023-04-29 12:11:44','2023-04-29 12:11:44',NULL),(124,'voluptatem','ad-delectus-et-magni-rerum-quam-ut','eius','rerum',135,'2023-04-29 12:11:44','2023-04-29 12:11:44',NULL),(125,'ut','hic-eveniet-nobis-vero-at-perferendis','totam','repellat',136,'2023-04-29 12:11:44','2023-04-29 12:11:44',NULL),(126,'temporibus','quos-dolorem-ut-labore','qui','et',137,'2023-04-29 12:11:44','2023-04-29 12:11:44',NULL),(127,'velit','ut-quisquam-ratione-ea','et','sit',138,'2023-04-29 12:11:44','2023-04-29 12:11:44',NULL),(128,'ducimus','quia-nesciunt-et-a-assumenda-veritatis-porro-ipsum-suscipit','et','molestiae',139,'2023-04-29 12:11:44','2023-04-29 12:11:44',NULL),(129,'eum','iure-animi-et-ratione-voluptates-commodi','veritatis','est',140,'2023-04-29 12:11:44','2023-04-29 12:11:44',NULL),(130,'rerum','a-non-sint-minus-deleniti-est','blanditiis','est',141,'2023-04-29 12:11:45','2023-04-29 12:11:45',NULL),(131,'vel','et-aut-labore-rerum-consequatur-sint-amet','et','rerum',142,'2023-04-29 12:11:45','2023-04-29 12:11:45',NULL),(132,'suscipit','laborum-facere-magnam-omnis-velit','itaque','nisi',143,'2023-04-29 12:11:45','2023-04-29 12:11:45',NULL),(133,'doloremque','laudantium-dolorum-ipsa-iste-unde-in-sit','quaerat','ipsa',144,'2023-04-29 12:11:45','2023-04-29 12:11:45',NULL),(134,'voluptate','expedita-error-dolorem-fugit-doloribus','numquam','consequuntur',145,'2023-04-29 12:11:45','2023-04-29 12:11:45',NULL),(135,'quam','accusantium-fugiat-hic-magnam-porro-soluta','quia','itaque',146,'2023-04-29 12:11:45','2023-04-29 12:11:45',NULL),(136,'tempore','perspiciatis-atque-modi-doloremque-necessitatibus-assumenda','rem','ducimus',147,'2023-04-29 12:11:45','2023-04-29 12:11:45',NULL),(137,'magni','nostrum-vel-aliquam-totam-adipisci-accusantium-perspiciatis-voluptatibus','iste','delectus',148,'2023-04-29 12:11:45','2023-04-29 12:11:45',NULL),(138,'ut','minus-quis-officia-et-quia-nesciunt','sit','asperiores',149,'2023-04-29 12:11:46','2023-04-29 12:11:46',NULL),(139,'fugit','omnis-cupiditate-est-saepe-optio-saepe-sunt','numquam','officiis',150,'2023-04-29 12:11:46','2023-04-29 12:11:46',NULL),(140,'exercitationem','omnis-voluptatum-sit-ullam-dolore-omnis-facilis-ipsa','animi','quibusdam',151,'2023-04-29 12:11:46','2023-04-29 12:11:46',NULL),(141,'occaecati','minus-eligendi-omnis-ut-non-at','voluptas','sed',152,'2023-04-29 12:11:46','2023-04-29 12:11:46',NULL),(142,'corporis','atque-reiciendis-cum-quis-ut-cum-expedita-odio','enim','eligendi',153,'2023-04-29 12:11:46','2023-04-29 12:11:46',NULL),(143,'voluptatem','placeat-doloremque-occaecati-excepturi-non-aut-et-distinctio','qui','et',154,'2023-04-29 12:11:46','2023-04-29 12:11:46',NULL),(144,'cum','possimus-autem-voluptatem-quidem-quis-perspiciatis-est','est','voluptatem',155,'2023-04-29 12:11:46','2023-04-29 12:11:46',NULL),(145,'a','eligendi-delectus-voluptatem-voluptas','quo','placeat',156,'2023-04-29 12:11:47','2023-04-29 12:11:47',NULL),(146,'nam','exercitationem-vel-vel-ratione-corporis-temporibus-repellendus','corporis','et',157,'2023-04-29 12:11:47','2023-04-29 12:11:47',NULL),(147,'occaecati','et-id-porro-hic-est-laudantium-et-quas','numquam','enim',158,'2023-04-29 12:11:47','2023-04-29 12:11:47',NULL),(148,'rerum','quasi-eos-sed-dignissimos-libero-voluptatem-non-optio','eos','esse',159,'2023-04-29 12:11:47','2023-04-29 12:11:47',NULL),(149,'molestiae','ratione-laboriosam-adipisci-itaque-nihil','magnam','eum',160,'2023-04-29 12:11:47','2023-04-29 12:11:47',NULL),(150,'excepturi','vel-ab-incidunt-molestias-non-fugit-totam-perferendis-qui','aut','ex',161,'2023-04-29 12:11:47','2023-04-29 12:11:47',NULL),(151,'voluptatibus','et-aut-dolores-ut-sit-est-impedit','et','omnis',162,'2023-04-29 12:11:47','2023-04-29 12:11:47',NULL),(152,'voluptates','enim-rerum-et-non-molestias-eum-sunt','libero','id',163,'2023-04-29 12:11:47','2023-04-29 12:11:47',NULL),(153,'suscipit','ducimus-ea-possimus-quisquam-possimus-et-nostrum-ab','incidunt','ut',164,'2023-04-29 12:11:48','2023-04-29 12:11:48',NULL),(154,'nihil','quibusdam-magnam-omnis-neque-consequatur-iure-sit-quasi','reprehenderit','doloribus',165,'2023-04-29 12:11:48','2023-04-29 12:11:48',NULL),(155,'est','esse-et-deserunt-suscipit-aspernatur-magnam-ea-beatae-reprehenderit','repellendus','qui',166,'2023-04-29 12:11:48','2023-04-29 12:11:48',NULL),(156,'optio','minima-molestiae-illo-quas','eveniet','labore',167,'2023-04-29 12:11:48','2023-04-29 12:11:48',NULL),(157,'praesentium','rerum-aliquam-autem-quam-est-voluptates-cum','repudiandae','minima',168,'2023-04-29 12:11:48','2023-04-29 12:11:48',NULL),(158,'ut','accusamus-officiis-modi-corrupti-quo-nisi','laudantium','aut',169,'2023-04-29 12:11:48','2023-04-29 12:11:48',NULL),(159,'culpa','enim-accusantium-ab-consequatur-voluptatem-dolore-at-consequatur','eaque','porro',170,'2023-04-29 12:11:48','2023-04-29 12:11:48',NULL),(160,'illo','ex-hic-optio-quod-est-ab-sed-culpa','quo','vel',171,'2023-04-29 12:11:49','2023-04-29 12:11:49',NULL),(161,'maiores','tenetur-et-adipisci-nemo-accusantium-et-quia','voluptatem','totam',172,'2023-04-29 12:11:49','2023-04-29 12:11:49',NULL),(162,'molestiae','laboriosam-facilis-mollitia-dolorem','odit','dolor',173,'2023-04-29 12:11:49','2023-04-29 12:11:49',NULL),(163,'natus','dolorum-reprehenderit-eos-maxime-laboriosam','neque','dolorum',174,'2023-04-29 12:11:49','2023-04-29 12:11:49',NULL),(164,'maiores','laudantium-mollitia-fuga-exercitationem-eum-facilis','harum','officia',175,'2023-04-29 12:11:49','2023-04-29 12:11:49',NULL),(165,'ipsum','non-in-est-aspernatur-dolores-et','dolores','ducimus',176,'2023-04-29 12:11:49','2023-04-29 12:11:49',NULL),(166,'voluptatem','deserunt-nemo-odit-aut-tempore-blanditiis-laudantium-pariatur','at','nostrum',177,'2023-04-29 12:11:50','2023-04-29 12:11:50',NULL),(167,'impedit','vitae-provident-sed-quam','et','eligendi',178,'2023-04-29 12:11:50','2023-04-29 12:11:50',NULL),(168,'ut','repudiandae-consequatur-libero-voluptatem-eaque','quia','perspiciatis',179,'2023-04-29 12:11:50','2023-04-29 12:11:50',NULL),(169,'non','qui-cupiditate-incidunt-dolor','numquam','fugit',180,'2023-04-29 12:11:50','2023-04-29 12:11:50',NULL),(170,'omnis','facere-id-officia-dolor-libero','tenetur','nemo',181,'2023-04-29 12:11:50','2023-04-29 12:11:50',NULL),(171,'cumque','sit-est-aspernatur-facere-et','sed','quis',182,'2023-04-29 12:11:50','2023-04-29 12:11:50',NULL),(172,'libero','sunt-placeat-odio-sapiente-cupiditate-aliquam','explicabo','neque',183,'2023-04-29 12:11:50','2023-04-29 12:11:50',NULL),(173,'ipsam','deserunt-quasi-quibusdam-voluptatem-corrupti-aut-consequuntur-nostrum','molestiae','ea',184,'2023-04-29 12:11:50','2023-04-29 12:11:50',NULL),(174,'cupiditate','consequuntur-dolorem-officia-atque-vero-ullam','iure','architecto',185,'2023-04-29 12:11:51','2023-04-29 12:11:51',NULL),(175,'et','ducimus-officia-voluptate-rerum-cum-hic','nihil','officiis',186,'2023-04-29 12:11:51','2023-04-29 12:11:51',NULL),(176,'dolorem','impedit-eligendi-exercitationem-reprehenderit-ab-qui-ipsa-dolorem','vel','illum',187,'2023-04-29 12:11:51','2023-04-29 12:11:51',NULL),(177,'in','nesciunt-impedit-dolores-consectetur-repudiandae-sed-corporis-accusantium','consequuntur','porro',188,'2023-04-29 12:11:51','2023-04-29 12:11:51',NULL),(178,'blanditiis','et-repudiandae-id-quia','ducimus','illum',189,'2023-04-29 12:11:51','2023-04-29 12:11:51',NULL),(179,'qui','dolores-adipisci-odit-excepturi-ex','est','quis',190,'2023-04-29 12:11:51','2023-04-29 12:11:51',NULL),(180,'natus','ipsa-minus-unde-sed-maiores-et-omnis','et','omnis',191,'2023-04-29 12:11:52','2023-04-29 12:11:52',NULL),(181,'quaerat','quaerat-ab-accusamus-quo-qui-voluptatem','repellendus','odio',192,'2023-04-29 12:11:52','2023-04-29 12:11:52',NULL),(182,'ipsa','explicabo-ea-explicabo-non-sunt','sed','modi',193,'2023-04-29 12:11:52','2023-04-29 12:11:52',NULL),(183,'qui','aut-voluptatem-dolorum-praesentium-aut-iusto-veniam','deleniti','odit',194,'2023-04-29 12:11:52','2023-04-29 12:11:52',NULL),(184,'dolorum','sequi-quis-consequatur-soluta-consequatur-officia','sapiente','vel',195,'2023-04-29 12:11:52','2023-04-29 12:11:52',NULL),(185,'dicta','eum-aut-possimus-aut-sed-sit-dicta','voluptates','ipsum',196,'2023-04-29 12:11:52','2023-04-29 12:11:52',NULL),(186,'temporibus','aperiam-sed-velit-corrupti-ad','eius','voluptatem',197,'2023-04-29 12:11:52','2023-04-29 12:11:52',NULL),(187,'natus','inventore-odio-nobis-consequatur-sapiente-architecto-nisi','distinctio','aliquam',198,'2023-04-29 12:11:52','2023-04-29 12:11:52',NULL),(188,'esse','eos-et-numquam-odit-et-voluptatum-ut','tempora','quaerat',199,'2023-04-29 12:11:53','2023-04-29 12:11:53',NULL),(189,'quas','deserunt-ab-culpa-sunt-dolorem-harum','sed','commodi',200,'2023-04-29 12:11:53','2023-04-29 12:11:53',NULL),(190,'sit','et-aut-tenetur-temporibus','autem','tempore',201,'2023-04-29 12:11:53','2023-04-29 12:11:53',NULL),(191,'voluptatem','officia-fugit-autem-magni-totam-laboriosam-ut-dignissimos-a','cupiditate','et',202,'2023-04-29 12:11:53','2023-04-29 12:11:53',NULL),(192,'blanditiis','sit-fugit-aspernatur-et-dicta-aut','molestias','possimus',203,'2023-04-29 12:11:53','2023-04-29 12:11:53',NULL),(193,'quia','numquam-eaque-ipsam-voluptas-voluptatibus-rerum-corrupti-facere','adipisci','iusto',204,'2023-04-29 12:11:54','2023-04-29 12:11:54',NULL),(194,'atque','consequuntur-dignissimos-ut-aut-et-magni-quia-officia','possimus','eum',205,'2023-04-29 12:11:54','2023-04-29 12:11:54',NULL),(195,'earum','quibusdam-nobis-neque-reprehenderit-expedita-vero-aut-pariatur','sapiente','dolore',206,'2023-04-29 12:11:54','2023-04-29 12:11:54',NULL),(196,'minus','tempore-iste-et-autem-laborum-nostrum-est','itaque','et',207,'2023-04-29 12:11:54','2023-04-29 12:11:54',NULL),(197,'ea','mollitia-vitae-velit-nobis-nulla','voluptatem','vel',208,'2023-04-29 12:11:54','2023-04-29 12:11:54',NULL),(198,'tempora','est-cum-expedita-ab-amet','architecto','amet',209,'2023-04-29 12:11:54','2023-04-29 12:11:54',NULL),(199,'aut','eligendi-magni-fugit-magni-asperiores-dolor-molestias-deleniti-rerum','nam','rerum',210,'2023-04-29 12:11:55','2023-04-29 12:11:55',NULL),(200,'sit','adipisci-quia-est-impedit-non-minus-aliquam','rerum','pariatur',211,'2023-04-29 12:11:55','2023-04-29 12:11:55',NULL);
/*!40000 ALTER TABLE `posts` ENABLE KEYS */;
UNLOCK TABLES;

--
-- Table structure for table `reviews`
--

DROP TABLE IF EXISTS `reviews`;
/*!40101 SET @saved_cs_client     = @@character_set_client */;
/*!50503 SET character_set_client = utf8mb4 */;
CREATE TABLE `reviews` (
  `id` bigint unsigned NOT NULL AUTO_INCREMENT,
  `star_rate` varchar(255) COLLATE utf8mb4_unicode_ci DEFAULT NULL,
  `service_id` bigint unsigned NOT NULL,
  `created_at` timestamp NULL DEFAULT NULL,
  `updated_at` timestamp NULL DEFAULT NULL,
  `deleted_at` timestamp NULL DEFAULT NULL,
  PRIMARY KEY (`id`),
  KEY `reviews_service_id_foreign` (`service_id`),
  CONSTRAINT `reviews_service_id_foreign` FOREIGN KEY (`service_id`) REFERENCES `services` (`id`)
) ENGINE=InnoDB AUTO_INCREMENT=201 DEFAULT CHARSET=utf8mb4 COLLATE=utf8mb4_unicode_ci;
/*!40101 SET character_set_client = @saved_cs_client */;

--
-- Dumping data for table `reviews`
--

LOCK TABLES `reviews` WRITE;
/*!40000 ALTER TABLE `reviews` DISABLE KEYS */;
INSERT INTO `reviews` VALUES (1,'est',7,'2023-04-29 12:12:26','2023-04-29 12:12:26',NULL),(2,'dolorum',8,'2023-04-29 12:12:27','2023-04-29 12:12:27',NULL),(3,'quia',9,'2023-04-29 12:12:27','2023-04-29 12:12:27',NULL),(4,'velit',10,'2023-04-29 12:12:27','2023-04-29 12:12:27',NULL),(5,'animi',11,'2023-04-29 12:12:27','2023-04-29 12:12:27',NULL),(6,'officiis',12,'2023-04-29 12:12:27','2023-04-29 12:12:27',NULL),(7,'est',13,'2023-04-29 12:12:27','2023-04-29 12:12:27',NULL),(8,'velit',14,'2023-04-29 12:12:27','2023-04-29 12:12:27',NULL),(9,'tempore',15,'2023-04-29 12:12:28','2023-04-29 12:12:28',NULL),(10,'quis',16,'2023-04-29 12:12:28','2023-04-29 12:12:28',NULL),(11,'architecto',17,'2023-04-29 12:12:28','2023-04-29 12:12:28',NULL),(12,'culpa',18,'2023-04-29 12:12:28','2023-04-29 12:12:28',NULL),(13,'est',19,'2023-04-29 12:12:28','2023-04-29 12:12:28',NULL),(14,'dolore',20,'2023-04-29 12:12:29','2023-04-29 12:12:29',NULL),(15,'voluptates',21,'2023-04-29 12:12:29','2023-04-29 12:12:29',NULL),(16,'ut',22,'2023-04-29 12:12:29','2023-04-29 12:12:29',NULL),(17,'quisquam',23,'2023-04-29 12:12:29','2023-04-29 12:12:29',NULL),(18,'provident',24,'2023-04-29 12:12:30','2023-04-29 12:12:30',NULL),(19,'quibusdam',25,'2023-04-29 12:12:30','2023-04-29 12:12:30',NULL),(20,'harum',26,'2023-04-29 12:12:30','2023-04-29 12:12:30',NULL),(21,'iure',27,'2023-04-29 12:12:30','2023-04-29 12:12:30',NULL),(22,'et',28,'2023-04-29 12:12:30','2023-04-29 12:12:30',NULL),(23,'assumenda',29,'2023-04-29 12:12:30','2023-04-29 12:12:30',NULL),(24,'autem',30,'2023-04-29 12:12:31','2023-04-29 12:12:31',NULL),(25,'voluptatem',31,'2023-04-29 12:12:31','2023-04-29 12:12:31',NULL),(26,'deserunt',32,'2023-04-29 12:12:31','2023-04-29 12:12:31',NULL),(27,'quasi',33,'2023-04-29 12:12:31','2023-04-29 12:12:31',NULL),(28,'odio',34,'2023-04-29 12:12:31','2023-04-29 12:12:31',NULL),(29,'eius',35,'2023-04-29 12:12:31','2023-04-29 12:12:31',NULL),(30,'cumque',36,'2023-04-29 12:12:32','2023-04-29 12:12:32',NULL),(31,'eum',37,'2023-04-29 12:12:32','2023-04-29 12:12:32',NULL),(32,'eum',38,'2023-04-29 12:12:32','2023-04-29 12:12:32',NULL),(33,'ab',39,'2023-04-29 12:12:32','2023-04-29 12:12:32',NULL),(34,'quisquam',40,'2023-04-29 12:12:32','2023-04-29 12:12:32',NULL),(35,'vitae',41,'2023-04-29 12:12:32','2023-04-29 12:12:32',NULL),(36,'distinctio',42,'2023-04-29 12:12:33','2023-04-29 12:12:33',NULL),(37,'atque',43,'2023-04-29 12:12:33','2023-04-29 12:12:33',NULL),(38,'et',44,'2023-04-29 12:12:33','2023-04-29 12:12:33',NULL),(39,'nostrum',45,'2023-04-29 12:12:33','2023-04-29 12:12:33',NULL),(40,'voluptatem',46,'2023-04-29 12:12:33','2023-04-29 12:12:33',NULL),(41,'debitis',47,'2023-04-29 12:12:33','2023-04-29 12:12:33',NULL),(42,'quas',48,'2023-04-29 12:12:33','2023-04-29 12:12:33',NULL),(43,'soluta',49,'2023-04-29 12:12:33','2023-04-29 12:12:33',NULL),(44,'aut',50,'2023-04-29 12:12:34','2023-04-29 12:12:34',NULL),(45,'esse',51,'2023-04-29 12:12:34','2023-04-29 12:12:34',NULL),(46,'excepturi',52,'2023-04-29 12:12:34','2023-04-29 12:12:34',NULL),(47,'aspernatur',53,'2023-04-29 12:12:34','2023-04-29 12:12:34',NULL),(48,'illo',54,'2023-04-29 12:12:34','2023-04-29 12:12:34',NULL),(49,'itaque',55,'2023-04-29 12:12:34','2023-04-29 12:12:34',NULL),(50,'ut',56,'2023-04-29 12:12:34','2023-04-29 12:12:34',NULL),(51,'quas',57,'2023-04-29 12:12:34','2023-04-29 12:12:34',NULL),(52,'nesciunt',58,'2023-04-29 12:12:35','2023-04-29 12:12:35',NULL),(53,'ratione',59,'2023-04-29 12:12:35','2023-04-29 12:12:35',NULL),(54,'in',60,'2023-04-29 12:12:35','2023-04-29 12:12:35',NULL),(55,'eius',61,'2023-04-29 12:12:35','2023-04-29 12:12:35',NULL),(56,'voluptatem',62,'2023-04-29 12:12:35','2023-04-29 12:12:35',NULL),(57,'eaque',63,'2023-04-29 12:12:35','2023-04-29 12:12:35',NULL),(58,'in',64,'2023-04-29 12:12:35','2023-04-29 12:12:35',NULL),(59,'incidunt',65,'2023-04-29 12:12:36','2023-04-29 12:12:36',NULL),(60,'et',66,'2023-04-29 12:12:36','2023-04-29 12:12:36',NULL),(61,'dolorum',67,'2023-04-29 12:12:36','2023-04-29 12:12:36',NULL),(62,'et',68,'2023-04-29 12:12:36','2023-04-29 12:12:36',NULL),(63,'sapiente',69,'2023-04-29 12:12:36','2023-04-29 12:12:36',NULL),(64,'modi',70,'2023-04-29 12:12:36','2023-04-29 12:12:36',NULL),(65,'sint',71,'2023-04-29 12:12:36','2023-04-29 12:12:36',NULL),(66,'temporibus',72,'2023-04-29 12:12:36','2023-04-29 12:12:36',NULL),(67,'ratione',73,'2023-04-29 12:12:37','2023-04-29 12:12:37',NULL),(68,'sit',74,'2023-04-29 12:12:37','2023-04-29 12:12:37',NULL),(69,'suscipit',75,'2023-04-29 12:12:37','2023-04-29 12:12:37',NULL),(70,'vitae',76,'2023-04-29 12:12:37','2023-04-29 12:12:37',NULL),(71,'voluptas',77,'2023-04-29 12:12:37','2023-04-29 12:12:37',NULL),(72,'aliquam',78,'2023-04-29 12:12:37','2023-04-29 12:12:37',NULL),(73,'consequuntur',79,'2023-04-29 12:12:37','2023-04-29 12:12:37',NULL),(74,'officiis',80,'2023-04-29 12:12:38','2023-04-29 12:12:38',NULL),(75,'architecto',81,'2023-04-29 12:12:38','2023-04-29 12:12:38',NULL),(76,'fugiat',82,'2023-04-29 12:12:38','2023-04-29 12:12:38',NULL),(77,'voluptatem',83,'2023-04-29 12:12:38','2023-04-29 12:12:38',NULL),(78,'amet',84,'2023-04-29 12:12:38','2023-04-29 12:12:38',NULL),(79,'qui',85,'2023-04-29 12:12:38','2023-04-29 12:12:38',NULL),(80,'omnis',86,'2023-04-29 12:12:38','2023-04-29 12:12:38',NULL),(81,'voluptatem',87,'2023-04-29 12:12:39','2023-04-29 12:12:39',NULL),(82,'quos',88,'2023-04-29 12:12:39','2023-04-29 12:12:39',NULL),(83,'est',89,'2023-04-29 12:12:39','2023-04-29 12:12:39',NULL),(84,'cum',90,'2023-04-29 12:12:39','2023-04-29 12:12:39',NULL),(85,'doloremque',91,'2023-04-29 12:12:39','2023-04-29 12:12:39',NULL),(86,'aut',92,'2023-04-29 12:12:39','2023-04-29 12:12:39',NULL),(87,'quia',93,'2023-04-29 12:12:39','2023-04-29 12:12:39',NULL),(88,'aut',94,'2023-04-29 12:12:40','2023-04-29 12:12:40',NULL),(89,'earum',95,'2023-04-29 12:12:40','2023-04-29 12:12:40',NULL),(90,'praesentium',96,'2023-04-29 12:12:40','2023-04-29 12:12:40',NULL),(91,'et',97,'2023-04-29 12:12:40','2023-04-29 12:12:40',NULL),(92,'quam',98,'2023-04-29 12:12:40','2023-04-29 12:12:40',NULL),(93,'occaecati',99,'2023-04-29 12:12:40','2023-04-29 12:12:40',NULL),(94,'et',100,'2023-04-29 12:12:40','2023-04-29 12:12:40',NULL),(95,'voluptate',101,'2023-04-29 12:12:41','2023-04-29 12:12:41',NULL),(96,'ducimus',102,'2023-04-29 12:12:41','2023-04-29 12:12:41',NULL),(97,'aut',103,'2023-04-29 12:12:41','2023-04-29 12:12:41',NULL),(98,'modi',104,'2023-04-29 12:12:41','2023-04-29 12:12:41',NULL),(99,'et',105,'2023-04-29 12:12:41','2023-04-29 12:12:41',NULL),(100,'quia',106,'2023-04-29 12:12:41','2023-04-29 12:12:41',NULL),(101,'voluptatum',107,'2023-04-29 12:12:41','2023-04-29 12:12:41',NULL),(102,'odit',108,'2023-04-29 12:12:41','2023-04-29 12:12:41',NULL),(103,'tempora',109,'2023-04-29 12:12:42','2023-04-29 12:12:42',NULL),(104,'esse',110,'2023-04-29 12:12:42','2023-04-29 12:12:42',NULL),(105,'occaecati',111,'2023-04-29 12:12:42','2023-04-29 12:12:42',NULL),(106,'dolorem',112,'2023-04-29 12:12:42','2023-04-29 12:12:42',NULL),(107,'est',113,'2023-04-29 12:12:42','2023-04-29 12:12:42',NULL),(108,'aut',114,'2023-04-29 12:12:42','2023-04-29 12:12:42',NULL),(109,'voluptatem',115,'2023-04-29 12:12:42','2023-04-29 12:12:42',NULL),(110,'minus',116,'2023-04-29 12:12:42','2023-04-29 12:12:42',NULL),(111,'eos',117,'2023-04-29 12:12:43','2023-04-29 12:12:43',NULL),(112,'suscipit',118,'2023-04-29 12:12:43','2023-04-29 12:12:43',NULL),(113,'voluptas',119,'2023-04-29 12:12:43','2023-04-29 12:12:43',NULL),(114,'et',120,'2023-04-29 12:12:43','2023-04-29 12:12:43',NULL),(115,'ipsum',121,'2023-04-29 12:12:43','2023-04-29 12:12:43',NULL),(116,'nobis',122,'2023-04-29 12:12:43','2023-04-29 12:12:43',NULL),(117,'error',123,'2023-04-29 12:12:43','2023-04-29 12:12:43',NULL),(118,'et',124,'2023-04-29 12:12:43','2023-04-29 12:12:43',NULL),(119,'eveniet',125,'2023-04-29 12:12:44','2023-04-29 12:12:44',NULL),(120,'voluptas',126,'2023-04-29 12:12:44','2023-04-29 12:12:44',NULL),(121,'qui',127,'2023-04-29 12:12:44','2023-04-29 12:12:44',NULL),(122,'nemo',128,'2023-04-29 12:12:44','2023-04-29 12:12:44',NULL),(123,'aliquid',129,'2023-04-29 12:12:44','2023-04-29 12:12:44',NULL),(124,'odio',130,'2023-04-29 12:12:44','2023-04-29 12:12:44',NULL),(125,'magnam',131,'2023-04-29 12:12:44','2023-04-29 12:12:44',NULL),(126,'autem',132,'2023-04-29 12:12:45','2023-04-29 12:12:45',NULL),(127,'tempora',133,'2023-04-29 12:12:45','2023-04-29 12:12:45',NULL),(128,'cumque',134,'2023-04-29 12:12:45','2023-04-29 12:12:45',NULL),(129,'molestiae',135,'2023-04-29 12:12:45','2023-04-29 12:12:45',NULL),(130,'dolorem',136,'2023-04-29 12:12:45','2023-04-29 12:12:45',NULL),(131,'eligendi',137,'2023-04-29 12:12:45','2023-04-29 12:12:45',NULL),(132,'sequi',138,'2023-04-29 12:12:45','2023-04-29 12:12:45',NULL),(133,'deleniti',139,'2023-04-29 12:12:45','2023-04-29 12:12:45',NULL),(134,'ut',140,'2023-04-29 12:12:46','2023-04-29 12:12:46',NULL),(135,'asperiores',141,'2023-04-29 12:12:46','2023-04-29 12:12:46',NULL),(136,'natus',142,'2023-04-29 12:12:46','2023-04-29 12:12:46',NULL),(137,'cupiditate',143,'2023-04-29 12:12:46','2023-04-29 12:12:46',NULL),(138,'alias',144,'2023-04-29 12:12:46','2023-04-29 12:12:46',NULL),(139,'incidunt',145,'2023-04-29 12:12:46','2023-04-29 12:12:46',NULL),(140,'iure',146,'2023-04-29 12:12:46','2023-04-29 12:12:46',NULL),(141,'cum',147,'2023-04-29 12:12:46','2023-04-29 12:12:46',NULL),(142,'suscipit',148,'2023-04-29 12:12:47','2023-04-29 12:12:47',NULL),(143,'eos',149,'2023-04-29 12:12:47','2023-04-29 12:12:47',NULL),(144,'non',150,'2023-04-29 12:12:47','2023-04-29 12:12:47',NULL),(145,'sunt',151,'2023-04-29 12:12:47','2023-04-29 12:12:47',NULL),(146,'qui',152,'2023-04-29 12:12:47','2023-04-29 12:12:47',NULL),(147,'sunt',153,'2023-04-29 12:12:47','2023-04-29 12:12:47',NULL),(148,'similique',154,'2023-04-29 12:12:48','2023-04-29 12:12:48',NULL),(149,'in',155,'2023-04-29 12:12:48','2023-04-29 12:12:48',NULL),(150,'nam',156,'2023-04-29 12:12:48','2023-04-29 12:12:48',NULL),(151,'ipsam',157,'2023-04-29 12:12:48','2023-04-29 12:12:48',NULL),(152,'similique',158,'2023-04-29 12:12:48','2023-04-29 12:12:48',NULL),(153,'quae',159,'2023-04-29 12:12:48','2023-04-29 12:12:48',NULL),(154,'eaque',160,'2023-04-29 12:12:48','2023-04-29 12:12:48',NULL),(155,'laudantium',161,'2023-04-29 12:12:48','2023-04-29 12:12:48',NULL),(156,'rerum',162,'2023-04-29 12:12:49','2023-04-29 12:12:49',NULL),(157,'veniam',163,'2023-04-29 12:12:49','2023-04-29 12:12:49',NULL),(158,'aliquam',164,'2023-04-29 12:12:49','2023-04-29 12:12:49',NULL),(159,'nobis',165,'2023-04-29 12:12:49','2023-04-29 12:12:49',NULL),(160,'recusandae',166,'2023-04-29 12:12:49','2023-04-29 12:12:49',NULL),(161,'delectus',167,'2023-04-29 12:12:49','2023-04-29 12:12:49',NULL),(162,'iure',168,'2023-04-29 12:12:49','2023-04-29 12:12:49',NULL),(163,'possimus',169,'2023-04-29 12:12:50','2023-04-29 12:12:50',NULL),(164,'quas',170,'2023-04-29 12:12:50','2023-04-29 12:12:50',NULL),(165,'et',171,'2023-04-29 12:12:50','2023-04-29 12:12:50',NULL),(166,'totam',172,'2023-04-29 12:12:50','2023-04-29 12:12:50',NULL),(167,'ab',173,'2023-04-29 12:12:50','2023-04-29 12:12:50',NULL),(168,'nemo',174,'2023-04-29 12:12:50','2023-04-29 12:12:50',NULL),(169,'sint',175,'2023-04-29 12:12:50','2023-04-29 12:12:50',NULL),(170,'natus',176,'2023-04-29 12:12:51','2023-04-29 12:12:51',NULL),(171,'est',177,'2023-04-29 12:12:51','2023-04-29 12:12:51',NULL),(172,'et',178,'2023-04-29 12:12:51','2023-04-29 12:12:51',NULL),(173,'sit',179,'2023-04-29 12:12:51','2023-04-29 12:12:51',NULL),(174,'id',180,'2023-04-29 12:12:51','2023-04-29 12:12:51',NULL),(175,'asperiores',181,'2023-04-29 12:12:51','2023-04-29 12:12:51',NULL),(176,'voluptatem',182,'2023-04-29 12:12:52','2023-04-29 12:12:52',NULL),(177,'molestias',183,'2023-04-29 12:12:52','2023-04-29 12:12:52',NULL),(178,'debitis',184,'2023-04-29 12:12:52','2023-04-29 12:12:52',NULL),(179,'optio',185,'2023-04-29 12:12:52','2023-04-29 12:12:52',NULL),(180,'laborum',186,'2023-04-29 12:12:52','2023-04-29 12:12:52',NULL),(181,'ex',187,'2023-04-29 12:12:52','2023-04-29 12:12:52',NULL),(182,'deleniti',188,'2023-04-29 12:12:52','2023-04-29 12:12:52',NULL),(183,'aut',189,'2023-04-29 12:12:53','2023-04-29 12:12:53',NULL),(184,'sed',190,'2023-04-29 12:12:53','2023-04-29 12:12:53',NULL),(185,'totam',191,'2023-04-29 12:12:53','2023-04-29 12:12:53',NULL),(186,'explicabo',192,'2023-04-29 12:12:54','2023-04-29 12:12:54',NULL),(187,'eligendi',193,'2023-04-29 12:12:54','2023-04-29 12:12:54',NULL),(188,'consectetur',194,'2023-04-29 12:12:55','2023-04-29 12:12:55',NULL),(189,'excepturi',195,'2023-04-29 12:12:55','2023-04-29 12:12:55',NULL),(190,'recusandae',196,'2023-04-29 12:12:55','2023-04-29 12:12:55',NULL),(191,'nihil',197,'2023-04-29 12:12:55','2023-04-29 12:12:55',NULL),(192,'unde',198,'2023-04-29 12:12:56','2023-04-29 12:12:56',NULL),(193,'nulla',199,'2023-04-29 12:12:56','2023-04-29 12:12:56',NULL),(194,'officia',200,'2023-04-29 12:12:56','2023-04-29 12:12:56',NULL),(195,'rerum',201,'2023-04-29 12:12:56','2023-04-29 12:12:56',NULL),(196,'blanditiis',202,'2023-04-29 12:12:56','2023-04-29 12:12:56',NULL),(197,'tenetur',203,'2023-04-29 12:12:57','2023-04-29 12:12:57',NULL),(198,'veritatis',204,'2023-04-29 12:12:57','2023-04-29 12:12:57',NULL),(199,'voluptatem',205,'2023-04-29 12:12:57','2023-04-29 12:12:57',NULL),(200,'dolorum',206,'2023-04-29 12:12:59','2023-04-29 12:12:59',NULL);
/*!40000 ALTER TABLE `reviews` ENABLE KEYS */;
UNLOCK TABLES;

--
-- Table structure for table `role_user`
--

DROP TABLE IF EXISTS `role_user`;
/*!40101 SET @saved_cs_client     = @@character_set_client */;
/*!50503 SET character_set_client = utf8mb4 */;
CREATE TABLE `role_user` (
  `user_id` bigint unsigned NOT NULL,
  `role_id` bigint unsigned NOT NULL,
  KEY `user_id_fk_8404323` (`user_id`),
  KEY `role_id_fk_8404323` (`role_id`),
  CONSTRAINT `role_id_fk_8404323` FOREIGN KEY (`role_id`) REFERENCES `roles` (`id`) ON DELETE CASCADE,
  CONSTRAINT `user_id_fk_8404323` FOREIGN KEY (`user_id`) REFERENCES `users` (`id`) ON DELETE CASCADE
) ENGINE=InnoDB DEFAULT CHARSET=utf8mb4 COLLATE=utf8mb4_unicode_ci;
/*!40101 SET character_set_client = @saved_cs_client */;

--
-- Dumping data for table `role_user`
--

LOCK TABLES `role_user` WRITE;
/*!40000 ALTER TABLE `role_user` DISABLE KEYS */;
INSERT INTO `role_user` VALUES (1,1);
/*!40000 ALTER TABLE `role_user` ENABLE KEYS */;
UNLOCK TABLES;

--
-- Table structure for table `roles`
--

DROP TABLE IF EXISTS `roles`;
/*!40101 SET @saved_cs_client     = @@character_set_client */;
/*!50503 SET character_set_client = utf8mb4 */;
CREATE TABLE `roles` (
  `id` bigint unsigned NOT NULL AUTO_INCREMENT,
  `title` varchar(255) COLLATE utf8mb4_unicode_ci DEFAULT NULL,
  `created_at` timestamp NULL DEFAULT NULL,
  `updated_at` timestamp NULL DEFAULT NULL,
  `deleted_at` timestamp NULL DEFAULT NULL,
  PRIMARY KEY (`id`)
) ENGINE=InnoDB AUTO_INCREMENT=3 DEFAULT CHARSET=utf8mb4 COLLATE=utf8mb4_unicode_ci;
/*!40101 SET character_set_client = @saved_cs_client */;

--
-- Dumping data for table `roles`
--

LOCK TABLES `roles` WRITE;
/*!40000 ALTER TABLE `roles` DISABLE KEYS */;
INSERT INTO `roles` VALUES (1,'Admin',NULL,NULL,NULL),(2,'User',NULL,NULL,NULL);
/*!40000 ALTER TABLE `roles` ENABLE KEYS */;
UNLOCK TABLES;

--
-- Table structure for table `services`
--

DROP TABLE IF EXISTS `services`;
/*!40101 SET @saved_cs_client     = @@character_set_client */;
/*!50503 SET character_set_client = utf8mb4 */;
CREATE TABLE `services` (
  `id` bigint unsigned NOT NULL AUTO_INCREMENT,
  `name` varchar(255) COLLATE utf8mb4_unicode_ci NOT NULL,
  `slug` varchar(255) COLLATE utf8mb4_unicode_ci DEFAULT NULL,
  `price` int DEFAULT NULL,
  `description` varchar(255) COLLATE utf8mb4_unicode_ci NOT NULL,
  `status` varchar(255) COLLATE utf8mb4_unicode_ci DEFAULT NULL,
  `created_at` timestamp NULL DEFAULT NULL,
  `updated_at` timestamp NULL DEFAULT NULL,
  `deleted_at` timestamp NULL DEFAULT NULL,
  PRIMARY KEY (`id`),
  UNIQUE KEY `services_name_unique` (`name`)
) ENGINE=InnoDB AUTO_INCREMENT=207 DEFAULT CHARSET=utf8mb4 COLLATE=utf8mb4_unicode_ci;
/*!40101 SET character_set_client = @saved_cs_client */;

--
-- Dumping data for table `services`
--

LOCK TABLES `services` WRITE;
/*!40000 ALTER TABLE `services` DISABLE KEYS */;
INSERT INTO `services` VALUES (1,'Anabelle Durgan II','facilis-atque-vero-numquam-reprehenderit-non',996695,'Occaecati cumque ut ut suscipit. Corrupti sint ipsa nobis iste reiciendis ipsa accusantium. Cumque et amet officiis consequatur quis possimus. Aliquam repellendus recusandae velit et eius est odio.','illum','2023-04-29 12:12:24','2023-04-29 12:12:24',NULL),(2,'Sydni Tremblay','tenetur-dolore-quas-porro-ducimus-id-deserunt-voluptas-libero',1267268,'Tempora sint harum sint et autem aperiam. Temporibus sunt eum necessitatibus aut porro voluptatem. Et accusamus quis rerum sunt rerum corrupti.','voluptates','2023-04-29 12:12:24','2023-04-29 12:12:24',NULL),(3,'Era Rippin','et-illum-sapiente-et-sit',3213,'Quia vero dolore rem sit enim enim hic. Eum minima vel consequatur aut ullam. Vitae voluptas doloremque qui quos at.','doloribus','2023-04-29 12:12:24','2023-04-29 12:12:24',NULL),(4,'Christine Gleichner PhD','enim-accusamus-sunt-ut',803678,'Qui iste eligendi minus laborum aut. Voluptatem qui recusandae sit quia. Exercitationem commodi qui ad. Dicta neque maiores corporis totam iusto.','natus','2023-04-29 12:12:24','2023-04-29 12:12:24',NULL),(5,'Mrs. Jennifer Bednar','facilis-eligendi-inventore-explicabo',856597842,'Explicabo accusamus voluptatem quia rerum delectus. Voluptatem illo natus quia fugiat. Est eius provident ut necessitatibus ratione aliquam quos sit. Exercitationem iste voluptatibus consequatur in.','in','2023-04-29 12:12:24','2023-04-29 12:12:24',NULL),(6,'Reece Hane','totam-explicabo-nihil-assumenda-aut',106187,'Officiis et aut aut et ut ipsum. Maxime sit voluptas tempore. Unde reiciendis non sit aut in ex non. Ullam blanditiis ut laborum.','necessitatibus','2023-04-29 12:12:24','2023-04-29 12:12:24',NULL),(7,'Adrienne Schamberger DVM','vero-vel-cum-quo-mollitia-delectus-hic',10484,'Est nihil nobis eum quibusdam voluptas. Laudantium doloremque dicta soluta.','magnam','2023-04-29 12:12:26','2023-04-29 12:12:26',NULL),(8,'Darron Pagac II','non-pariatur-adipisci-nisi-eos-recusandae',6548240,'Ad vitae aut nulla impedit rerum. Vel deserunt quisquam rerum reprehenderit totam aut. Et sint et laboriosam ut dolor odio.','ipsum','2023-04-29 12:12:27','2023-04-29 12:12:27',NULL),(9,'Vena Altenwerth','ad-quaerat-sunt-cumque-qui-quia-architecto',394441769,'Sit asperiores accusantium est est quia voluptatibus quibusdam aut. Blanditiis minima dolores distinctio maxime occaecati esse recusandae. Hic ut minus nemo dolor iusto accusantium aliquid.','voluptas','2023-04-29 12:12:27','2023-04-29 12:12:27',NULL),(10,'Oleta Reinger MD','voluptas-velit-dolor-quod-numquam-cupiditate-qui-et',92848898,'Rerum debitis ab quae repudiandae qui. Illo dolor molestiae aut est vero iste. Ullam facere numquam quibusdam aut.','vero','2023-04-29 12:12:27','2023-04-29 12:12:27',NULL),(11,'Sanford Paucek I','qui-illum-accusantium-porro-architecto-autem',2,'Aut et et unde fugit nihil. In et ut qui quidem dolorem. Ut cum praesentium omnis quod id doloremque. Ipsum rerum ex ipsam vel et velit.','ullam','2023-04-29 12:12:27','2023-04-29 12:12:27',NULL),(12,'Dr. Scottie Grady IV','vero-rerum-quas-libero-consequatur',175924960,'Rerum nemo et quidem rem eveniet suscipit. Cumque eos architecto qui mollitia occaecati. Iste corrupti qui hic debitis quia.','laudantium','2023-04-29 12:12:27','2023-04-29 12:12:27',NULL),(13,'Nils Bashirian','soluta-mollitia-molestiae-nisi-qui-illo',1149,'Eos maxime omnis veniam suscipit. Nostrum in et at adipisci fugiat. Ea corrupti illo ut pariatur recusandae iusto aut nobis. Aut sint suscipit commodi.','dolorem','2023-04-29 12:12:27','2023-04-29 12:12:27',NULL),(14,'Mr. Brain Abbott V','minus-dolores-aliquam-ducimus-fuga-ut-assumenda-dolor-sit',9629741,'Voluptas nostrum facere voluptatem atque. Voluptate ratione est iure laboriosam aperiam. Explicabo nisi nemo ipsum earum.','cum','2023-04-29 12:12:27','2023-04-29 12:12:27',NULL),(15,'Arno Nienow','exercitationem-numquam-dolorum-et',53,'Fugit mollitia commodi eos maxime. Aut non ipsam et rerum animi aspernatur totam. In rerum esse sit velit.','autem','2023-04-29 12:12:28','2023-04-29 12:12:28',NULL),(16,'Miss Roxane McCullough IV','qui-ipsa-sit-nihil-beatae-consequuntur-provident',52,'Eos ad quos labore quam eligendi incidunt quasi. Beatae consequatur voluptas sed suscipit sequi sint. Sed quo quaerat consequatur qui.','rerum','2023-04-29 12:12:28','2023-04-29 12:12:28',NULL),(17,'Joy Kozey','aut-neque-dignissimos-doloribus-quia-dolores-rerum-voluptatem',324668397,'Eos cum ut voluptas soluta et. Quis provident ab delectus. Et atque et libero temporibus maxime qui aut. Tempora pariatur et expedita dicta ea incidunt ducimus. Iusto adipisci vel et laborum quis.','minima','2023-04-29 12:12:28','2023-04-29 12:12:28',NULL),(18,'Genoveva Jakubowski III','dicta-et-laboriosam-dolor-dolor-velit-reiciendis-similique',9723174,'Quibusdam assumenda quis inventore nihil voluptatem et dignissimos iure. A repudiandae id accusantium inventore odio quo.','aperiam','2023-04-29 12:12:28','2023-04-29 12:12:28',NULL),(19,'Dixie Legros','sit-minus-maiores-blanditiis-quia-quod-debitis',4312,'Velit eos dolores voluptatem voluptatum quasi consectetur et ipsam. Ut architecto ut sed est. Dolor deserunt qui repudiandae tempore occaecati ut. Ut mollitia provident est aut.','numquam','2023-04-29 12:12:28','2023-04-29 12:12:28',NULL),(20,'Geovanni Lindgren DDS','nam-quisquam-vero-vitae-repudiandae-doloremque-distinctio-natus-repellat',78092347,'Dolor fugiat excepturi temporibus voluptates vero aperiam. Quia cumque ut eum repudiandae. Voluptatem atque ut aspernatur recusandae nostrum aut. Eum rerum sapiente eius nihil quasi omnis architecto.','est','2023-04-29 12:12:29','2023-04-29 12:12:29',NULL),(21,'Prof. Moises Kuvalis','velit-in-maxime-sint-nihil',25039,'Provident omnis nobis voluptas possimus magni sed. Tempore ullam inventore quod libero. Repellat sunt itaque voluptas ipsa. Minima nobis eius quasi sit.','rem','2023-04-29 12:12:29','2023-04-29 12:12:29',NULL),(22,'Emile Emmerich','sint-officiis-deleniti-facilis-est-numquam',262107,'Animi quos aut non. Corporis et reiciendis est et harum architecto consectetur. Quibusdam fugit quasi amet explicabo delectus. Ea et sed in asperiores consequatur recusandae vel.','nemo','2023-04-29 12:12:29','2023-04-29 12:12:29',NULL),(23,'Marcus Howe','dicta-optio-quaerat-ipsam-quae-repudiandae-qui-aliquid-commodi',44,'Sunt qui quas aut dicta. Voluptatem quo labore asperiores maiores perferendis rerum. Possimus aut itaque placeat quibusdam nihil illum. Iste vero velit autem voluptatum praesentium officiis est.','aliquam','2023-04-29 12:12:29','2023-04-29 12:12:29',NULL),(24,'Jayde Roob','et-necessitatibus-ducimus-impedit-aut',761059667,'Qui pariatur delectus porro fugit. Dolores dolorum voluptas nam neque illo id pariatur. Aut vero sit velit dolor consequatur ullam totam est. Non modi blanditiis nihil sequi ut.','voluptatem','2023-04-29 12:12:30','2023-04-29 12:12:30',NULL),(25,'Max Ferry','laborum-possimus-vitae-amet-aut',5,'Eum rerum distinctio a vel. Qui est adipisci qui repudiandae itaque repellendus.','aliquam','2023-04-29 12:12:30','2023-04-29 12:12:30',NULL),(26,'Marjory Beier MD','inventore-officia-facilis-illo-et-cumque-voluptatem-ut',492414393,'Ea reiciendis qui vel id repudiandae deleniti. Temporibus quam quis excepturi temporibus et quibusdam nesciunt. Voluptas aliquid culpa est in.','sed','2023-04-29 12:12:30','2023-04-29 12:12:30',NULL),(27,'Imogene Sanford','a-animi-ipsam-incidunt-consequatur-a-ducimus',3346,'Quia consequatur aut consequatur. Voluptas beatae eligendi autem iste. Est et recusandae dolor qui magnam placeat aut.','perferendis','2023-04-29 12:12:30','2023-04-29 12:12:30',NULL),(28,'Earl Pouros IV','corrupti-eum-velit-et-illum-sit-quaerat',6547,'Facilis accusantium necessitatibus sint aut ut. Modi autem tempore omnis voluptates et. Doloribus inventore non beatae dolores aut facere dolorum.','atque','2023-04-29 12:12:30','2023-04-29 12:12:30',NULL),(29,'Betty Tillman','saepe-quisquam-quia-aut',3,'Ex quo ut saepe praesentium. Hic modi est officiis dolor officia placeat quae. Quisquam laboriosam molestias aut libero et rem. Quo consequuntur excepturi rerum nulla.','autem','2023-04-29 12:12:30','2023-04-29 12:12:30',NULL),(30,'Jana Mohr','aut-qui-eos-reprehenderit-molestiae',63219152,'Provident voluptas facere vitae sed. Et dolorem eos ut pariatur sapiente repudiandae natus omnis. Repellat sequi vitae culpa tenetur beatae.','est','2023-04-29 12:12:31','2023-04-29 12:12:31',NULL),(31,'Prof. Tobin Ward Sr.','eius-et-architecto-sit-iure-iste-sit-illum',6364,'Ut rerum ab pariatur. Voluptatem ipsa rem sunt ea. Eos nostrum totam ut.','cupiditate','2023-04-29 12:12:31','2023-04-29 12:12:31',NULL),(32,'Enid Carroll','minima-sunt-quia-deleniti-soluta-animi',152435780,'Officia qui nisi dolorem odio. Voluptas dicta ab nobis distinctio.','cumque','2023-04-29 12:12:31','2023-04-29 12:12:31',NULL),(33,'Teagan Deckow','commodi-voluptas-explicabo-qui-numquam',641265909,'Nam omnis accusantium ad nihil. Aut sit ab in voluptatem. Eos vel non voluptate cumque.','vitae','2023-04-29 12:12:31','2023-04-29 12:12:31',NULL),(34,'Baby Gerlach','quo-voluptatem-doloribus-doloribus-exercitationem-dicta-veniam',145,'Eaque consequatur magnam minus ducimus laudantium ad. Aut amet est ipsa voluptate amet atque sit. Excepturi voluptatibus quia esse aut est similique mollitia.','voluptatum','2023-04-29 12:12:31','2023-04-29 12:12:31',NULL),(35,'Simeon Wolff','debitis-eligendi-pariatur-impedit-ab',29,'Et aut eos reiciendis repudiandae consectetur reiciendis sapiente. Velit quos modi illum quia.','sint','2023-04-29 12:12:31','2023-04-29 12:12:31',NULL),(36,'Mr. Jayson Halvorson','labore-repellat-veniam-doloribus-unde-eos-quod-suscipit',43582,'Culpa harum et rem ad in eius. Quidem ea consequatur nihil amet vel quam facere ea. Quia explicabo aut facere sit delectus fugit qui deserunt.','recusandae','2023-04-29 12:12:32','2023-04-29 12:12:32',NULL),(37,'Prof. Tyrell Considine Jr.','nemo-est-facilis-rerum-voluptatibus-sed-ut-nemo-a',4812396,'Molestiae laborum officiis repellendus eos quos. Quo similique aut minima nesciunt animi soluta. Illo impedit et suscipit non et dolor cupiditate.','fugiat','2023-04-29 12:12:32','2023-04-29 12:12:32',NULL),(38,'Lorenz Spencer','voluptates-est-provident-itaque-inventore-hic',30618751,'Provident blanditiis aspernatur facilis accusantium. Tenetur sint omnis aspernatur dolorum. Est ducimus est quisquam sunt explicabo quod.','aliquam','2023-04-29 12:12:32','2023-04-29 12:12:32',NULL),(39,'Bonnie Balistreri','laudantium-magni-aliquam-exercitationem-et-voluptate',741,'Nostrum reprehenderit eos et quae sint. Aut aliquid voluptas repellendus sequi nihil impedit adipisci. Et aut aperiam porro sed itaque quos.','omnis','2023-04-29 12:12:32','2023-04-29 12:12:32',NULL),(40,'Darian Lynch III','iusto-quod-repudiandae-sapiente-eos-perferendis-rem-inventore',8926960,'Ut veniam optio et est. Accusamus est aut inventore hic iste sint. In sed dolorem delectus nihil est tenetur autem. Eos aperiam aliquam ipsa adipisci ut.','illum','2023-04-29 12:12:32','2023-04-29 12:12:32',NULL),(41,'Ilene Gerhold V','dolor-nam-sed-maiores-error',612772699,'Perspiciatis consequatur delectus tenetur maxime. Temporibus dignissimos quia impedit ea quia neque. Omnis doloribus odio distinctio cum quis harum.','neque','2023-04-29 12:12:32','2023-04-29 12:12:32',NULL),(42,'Shawn Crist','et-ut-quos-dolorem-repellendus',30820818,'Nihil rem vel possimus tempora. Ea nam ducimus dicta dolores ex. Dolorem beatae rerum accusamus est dolorem.','hic','2023-04-29 12:12:33','2023-04-29 12:12:33',NULL),(43,'Georgianna Jacobi','omnis-nihil-illum-qui-vitae',8751614,'Quo consequatur id et velit. Ipsum unde consequatur odio molestiae impedit qui.','iure','2023-04-29 12:12:33','2023-04-29 12:12:33',NULL),(44,'Michale Kunde','earum-velit-et-hic-quisquam-vero-ipsa-non',8,'Corporis dolorum voluptas et aut excepturi. Quod et beatae ipsa recusandae eos. Aut tenetur neque aut autem explicabo culpa. Sed illum ad harum aut eligendi.','aut','2023-04-29 12:12:33','2023-04-29 12:12:33',NULL),(45,'Vallie Kshlerin','eius-velit-maxime-aut-qui-et-adipisci-rerum',633828022,'Eos hic aliquid officia voluptatem eum dolorum non qui. Reiciendis et velit quia suscipit ducimus eos consequuntur odio. Non nihil aut nobis totam sunt.','sint','2023-04-29 12:12:33','2023-04-29 12:12:33',NULL),(46,'Orin Lind','autem-magni-beatae-nesciunt-dolorum',36,'Aperiam delectus commodi aliquam soluta est harum. Beatae autem quibusdam sit tenetur et eius quibusdam similique. Laudantium eos suscipit commodi aut qui tempora possimus.','aut','2023-04-29 12:12:33','2023-04-29 12:12:33',NULL),(47,'Nola Nienow','sed-totam-fugiat-eum-similique',4495,'Est delectus id quos molestiae. Iusto et veniam quas. Saepe nisi culpa ut quis eligendi. Eos officia iste est voluptatem.','mollitia','2023-04-29 12:12:33','2023-04-29 12:12:33',NULL),(48,'Verona Greenfelder','molestias-porro-rerum-ut-iste-totam-non',3,'Fugiat voluptates non ut soluta rerum. Aut maiores rem eos facilis illum quasi ea a.','sint','2023-04-29 12:12:33','2023-04-29 12:12:33',NULL),(49,'Rosemarie Okuneva','molestiae-reiciendis-natus-maiores-eum-reprehenderit-excepturi',1302,'Iure laborum et ea nisi unde non voluptas. Sequi et ab eos quia. Dolores sint debitis nemo nobis aut.','inventore','2023-04-29 12:12:33','2023-04-29 12:12:33',NULL),(50,'Prof. Sabryna Homenick','sequi-quia-in-quod-et-molestiae-quos-deleniti-voluptatem',4002,'Qui et expedita et corporis eum sit placeat. Quidem assumenda blanditiis sapiente numquam voluptatum. Officia illo aut eos iure sed. Magnam aut harum soluta enim doloribus.','possimus','2023-04-29 12:12:34','2023-04-29 12:12:34',NULL),(51,'Makayla Leffler','sint-voluptas-exercitationem-aut-aliquam-velit-libero-a',318,'Autem incidunt culpa quae. Maiores excepturi in ab deserunt quisquam sit. Voluptas enim veritatis cumque a.','aut','2023-04-29 12:12:34','2023-04-29 12:12:34',NULL),(52,'General Mayert','quo-ut-in-rerum-voluptas',10984,'Neque doloremque aliquam laborum numquam qui. Deleniti perspiciatis laboriosam rerum eos illo vel. Sit ipsum omnis quia magnam officia iste.','et','2023-04-29 12:12:34','2023-04-29 12:12:34',NULL),(53,'Dr. Nova Dickens','laudantium-ducimus-accusantium-ratione-quae-quisquam-molestiae-molestias',2546,'Dolores saepe suscipit non veritatis omnis quia praesentium. Ut assumenda voluptas et aliquam. Quia nam unde cupiditate.','quia','2023-04-29 12:12:34','2023-04-29 12:12:34',NULL),(54,'Amari Christiansen III','voluptatibus-aut-et-laudantium-iure-et-id-incidunt',7409401,'Quisquam sunt repellendus qui iusto est. Consequatur fuga pariatur vel architecto ipsam. Recusandae voluptatem dolor nihil ut.','maxime','2023-04-29 12:12:34','2023-04-29 12:12:34',NULL),(55,'Prof. Khalid Nitzsche Jr.','et-est-neque-autem',512,'Et dolores odit quas aut. Adipisci non perferendis odio nostrum. Voluptates est neque rem.','autem','2023-04-29 12:12:34','2023-04-29 12:12:34',NULL),(56,'Ansley Orn','minus-aut-velit-molestias-perspiciatis',47,'Aliquam autem illo voluptatem accusantium. Autem debitis sed quas qui nam provident. Explicabo eaque qui quidem in atque aut architecto. Et unde voluptatibus temporibus sunt facilis impedit ut.','vitae','2023-04-29 12:12:34','2023-04-29 12:12:34',NULL),(57,'Justice Zemlak','earum-ut-voluptatibus-ipsum-optio-omnis-rem-animi',5942731,'Eos voluptas dolor quia aspernatur doloremque. Ab quae soluta magni qui. Rerum error qui ab et incidunt sed. Ut soluta et cupiditate ipsam et et et.','velit','2023-04-29 12:12:34','2023-04-29 12:12:34',NULL),(58,'Wilfredo Anderson DDS','facilis-aut-consequatur-enim-aperiam-aut',4070,'Ratione voluptate corporis sit placeat illum quo expedita voluptas. In maxime laborum incidunt explicabo ex id dolorum magni. Voluptatibus itaque dolore officia quos dolores.','corporis','2023-04-29 12:12:35','2023-04-29 12:12:35',NULL),(59,'Reyes Beatty','veniam-dolore-dolores-et-sequi-eligendi-aut-dolores',123547,'Minima quia vel inventore. Praesentium dolorum odio velit et. Omnis quas fugit voluptatem voluptates cumque voluptas nam.','fugiat','2023-04-29 12:12:35','2023-04-29 12:12:35',NULL),(60,'Miss Marilie Mueller','et-harum-commodi-sed',6066531,'Cupiditate magnam sit ut hic et ut dolorem ut. Enim laborum sint omnis sed non. Cumque adipisci quibusdam corrupti molestiae ea optio quod. Ut qui ut quo saepe cumque quis voluptas.','aut','2023-04-29 12:12:35','2023-04-29 12:12:35',NULL),(61,'Prof. Rowan Grant PhD','est-consequatur-voluptatem-sapiente-facilis',91,'Corporis eos quidem consequatur nulla commodi asperiores. Amet quibusdam rem eius.','non','2023-04-29 12:12:35','2023-04-29 12:12:35',NULL),(62,'Sheila Muller I','fugit-voluptatem-ut-qui-fugiat-aut-dignissimos-voluptas',0,'Ut perspiciatis dolores corporis. Et perspiciatis commodi ratione voluptatum. Nisi fuga nobis sit ipsum debitis officiis culpa fugiat.','voluptatem','2023-04-29 12:12:35','2023-04-29 12:12:35',NULL),(63,'Jaden Gerhold','ut-earum-laborum-voluptate-accusantium-cum-sed-magni',907,'Error fugiat aut delectus illo quis. At molestiae repellat ipsam. Dolores possimus commodi minus quae. Qui incidunt aspernatur repellendus itaque qui in et.','dolorum','2023-04-29 12:12:35','2023-04-29 12:12:35',NULL),(64,'Fae Kautzer','repellendus-illo-numquam-corrupti-eos-provident-amet',151915022,'Quo odit cum et modi est. Qui dolore consequatur laborum quia nemo est. Aut sit alias et vel sint rerum id.','eveniet','2023-04-29 12:12:35','2023-04-29 12:12:35',NULL),(65,'Ms. Francisca Mills','saepe-ab-laboriosam-optio-asperiores-iure-maxime',96,'Aliquid neque et ut magni molestiae ad quasi. Est aut doloremque quis at. Id qui quis sit deserunt ea dignissimos placeat. Omnis aut et quis porro neque iste. Voluptatem voluptas fuga nam et.','aliquam','2023-04-29 12:12:36','2023-04-29 12:12:36',NULL),(66,'Reyes Walker','tempore-et-dignissimos-labore-quam-consequatur-non',413,'Iusto illum perferendis velit aut. Et et qui tenetur ut. Rerum aut vitae soluta debitis suscipit explicabo.','qui','2023-04-29 12:12:36','2023-04-29 12:12:36',NULL),(67,'Chaz Windler','provident-et-molestiae-ducimus-dolorum-omnis-explicabo-voluptatem',7,'Aperiam libero repellendus est voluptatum quia reprehenderit omnis. Itaque ut iusto tempore molestiae pariatur aspernatur.','eos','2023-04-29 12:12:36','2023-04-29 12:12:36',NULL),(68,'Prof. Rhea Rogahn','tempore-rerum-dolor-ullam',959,'Provident aut ut dicta officiis voluptatem sunt. In quos assumenda accusantium saepe repudiandae sit. Temporibus quidem tenetur voluptatum asperiores consectetur cum aut.','atque','2023-04-29 12:12:36','2023-04-29 12:12:36',NULL),(69,'Mr. Joel Kris','cumque-consequatur-autem-soluta-et',4260362,'Et maiores cum reiciendis quia nihil fugiat dolores minus. Et repellendus repudiandae illo. Rem suscipit totam temporibus at inventore et.','quaerat','2023-04-29 12:12:36','2023-04-29 12:12:36',NULL),(70,'Gillian Hagenes Jr.','corporis-sed-rerum-qui-inventore-quos-ea',7,'Optio et distinctio ut omnis. Sunt iure sunt voluptatem non atque voluptate dolore ducimus. Qui et blanditiis quae non ducimus consectetur. Molestiae quia dolore dicta qui vel.','dolorem','2023-04-29 12:12:36','2023-04-29 12:12:36',NULL),(71,'Orpha Hamill','quidem-dolores-ut-velit-ipsam-doloremque',804313008,'Omnis explicabo sed possimus qui. Deleniti pariatur quis minus molestias tempore. Fugiat accusantium quibusdam voluptas labore repellat quo quia quibusdam.','ipsum','2023-04-29 12:12:36','2023-04-29 12:12:36',NULL),(72,'Wilton Jakubowski IV','maxime-animi-quis-labore',83,'Rem reiciendis enim dolor perspiciatis voluptatem. Esse minima ut laborum quae. Laborum impedit commodi aliquid.','laborum','2023-04-29 12:12:36','2023-04-29 12:12:36',NULL),(73,'Abdiel Flatley','optio-cupiditate-earum-et-harum-veniam',3,'Voluptatum repellendus magni reprehenderit qui. A officia eligendi eaque perspiciatis sunt. Vero quasi consequatur quod.','reprehenderit','2023-04-29 12:12:37','2023-04-29 12:12:37',NULL),(74,'Ms. Destinee White MD','molestiae-voluptatem-alias-error-explicabo-temporibus-voluptatum',4176,'Sint ratione consequatur et. Tenetur odio perspiciatis iusto. Est est minima quibusdam hic. Temporibus est nesciunt molestiae quo nemo.','eum','2023-04-29 12:12:37','2023-04-29 12:12:37',NULL),(75,'Mr. Jillian Haag MD','voluptate-aut-tempore-culpa-et-necessitatibus',4632387,'Porro ut ea saepe sunt minus. Rem quia assumenda qui facere est. Non accusantium voluptatibus aut voluptatem iste est voluptas. Ab quas qui atque. Nihil rem exercitationem sunt eos dolores quae id.','odio','2023-04-29 12:12:37','2023-04-29 12:12:37',NULL),(76,'Cassandra Rosenbaum','in-consequatur-in-ea-necessitatibus-nihil-architecto-sunt',862929472,'Sint sed reiciendis debitis id sint ad et. Sed sit accusantium odio rerum molestiae neque. Nihil non cupiditate porro odit ea. Autem porro ut quo quas. Assumenda expedita dignissimos non debitis.','aut','2023-04-29 12:12:37','2023-04-29 12:12:37',NULL),(77,'Everardo Greenfelder','animi-similique-eaque-nam-ducimus-aut-qui-et',3937134,'Autem rerum ut aliquam dolor provident consequatur et. Veritatis et nisi non amet tenetur incidunt ut voluptatum. Nihil repellat quia quia molestias saepe pariatur officiis.','iusto','2023-04-29 12:12:37','2023-04-29 12:12:37',NULL),(78,'Dr. Nona Zboncak MD','beatae-tempore-cupiditate-velit-accusamus-veritatis',7474,'Aut voluptatum distinctio vel perspiciatis adipisci sit ad. Quo nostrum est voluptatum eos. Est eum deserunt provident assumenda quas. Eos doloribus voluptatem omnis molestiae.','dignissimos','2023-04-29 12:12:37','2023-04-29 12:12:37',NULL),(79,'Jarrett Langosh','voluptas-necessitatibus-harum-velit-quia',5846,'Tempora non esse vel. Qui velit dolor et blanditiis aut. Earum accusamus vel et ipsum.','qui','2023-04-29 12:12:37','2023-04-29 12:12:37',NULL),(80,'Omari Kub','quis-nihil-eveniet-iusto-molestiae-ut-distinctio-eos-recusandae',273,'Inventore molestias earum qui. Alias quia quia porro earum. Id saepe pariatur sequi. Dolorem quae omnis blanditiis minus.','et','2023-04-29 12:12:38','2023-04-29 12:12:38',NULL),(81,'Dr. Chauncey Stroman IV','et-enim-eveniet-in-eveniet-aliquid',7,'In nihil aut laborum et numquam voluptate. Ut est non a amet. Deserunt error sed voluptas dolor. Soluta aut consectetur in debitis quas.','tempora','2023-04-29 12:12:38','2023-04-29 12:12:38',NULL),(82,'Pete Carter','in-et-qui-sed-repudiandae-necessitatibus-dicta-nihil',475068,'Consequatur blanditiis eum nihil vel. Et placeat laudantium laboriosam harum odio. Reprehenderit fugiat et minima fuga dolor. Ex sit nulla et ipsam.','et','2023-04-29 12:12:38','2023-04-29 12:12:38',NULL),(83,'Savanna Roob','unde-aut-excepturi-adipisci-omnis-earum',40761636,'Nam amet facilis et qui doloremque quibusdam. Ipsum ipsa sint sed cumque ducimus earum quod.','inventore','2023-04-29 12:12:38','2023-04-29 12:12:38',NULL),(84,'Prof. Isadore Buckridge','animi-eveniet-et-debitis-molestiae-et',715606839,'Provident nostrum sed est omnis. Et aut excepturi totam eligendi qui. Inventore commodi at iure natus excepturi. Sed soluta exercitationem ea enim velit voluptatum illum.','quia','2023-04-29 12:12:38','2023-04-29 12:12:38',NULL),(85,'Lennie Kunze','repellat-voluptas-dolorem-enim-quia',239,'Quia illum provident eius aut explicabo. Atque tempora ab quaerat illo quam fugiat sed. Dolor quia voluptatem reprehenderit velit earum. Est vel voluptatem nemo cum animi.','qui','2023-04-29 12:12:38','2023-04-29 12:12:38',NULL),(86,'Deonte Zemlak','repellat-mollitia-perferendis-ea-corrupti-et',92563684,'Consectetur nisi minus quasi dolore voluptatem minus non est. Rerum sit dolores non. Deserunt et quod sint doloremque veritatis ullam.','dignissimos','2023-04-29 12:12:38','2023-04-29 12:12:38',NULL),(87,'Prof. Brennan Brown Jr.','repellat-optio-est-cupiditate',169,'Amet ea aut ipsam soluta. Non est et eos incidunt natus quos. Qui quo ratione modi. Eum dolores quasi iure dignissimos est ut.','sint','2023-04-29 12:12:39','2023-04-29 12:12:39',NULL),(88,'Mr. Percy Cummerata','incidunt-cupiditate-recusandae-dicta-provident',359606397,'Velit voluptatem nisi nobis ad iste. Placeat quod asperiores culpa minima eum corporis beatae. Amet quos adipisci quasi.','provident','2023-04-29 12:12:39','2023-04-29 12:12:39',NULL),(89,'Hilton Prosacco','velit-nostrum-iusto-inventore-facilis',71851129,'Dolore blanditiis officia deserunt sapiente. Eos enim dolores et perspiciatis rerum. Sed rerum libero magnam incidunt porro. Quaerat ut voluptatum nisi qui rerum voluptas.','est','2023-04-29 12:12:39','2023-04-29 12:12:39',NULL),(90,'Colton Pollich III','nobis-quia-dolorem-est-occaecati',0,'Rerum aut sunt magni hic qui saepe. Voluptatem soluta itaque expedita debitis. Architecto voluptatum eos nobis. Praesentium consequatur et voluptate eveniet animi.','accusamus','2023-04-29 12:12:39','2023-04-29 12:12:39',NULL),(91,'Jerrold Kautzer','sed-odio-sunt-qui-quaerat-qui-eaque-libero-in',8714542,'Pariatur sequi nihil modi. Repellat aspernatur beatae placeat dignissimos. Harum perspiciatis exercitationem dolorem dolore et veritatis ex. Vel consequatur non vitae quisquam.','magnam','2023-04-29 12:12:39','2023-04-29 12:12:39',NULL),(92,'Lynn Collier III','praesentium-perspiciatis-sint-modi-quia-et-et-aut',371039024,'Vel aut deleniti nostrum ducimus. Ut dolorum voluptatibus et maiores nostrum eligendi veniam. Dicta omnis voluptatem suscipit fuga ut qui.','possimus','2023-04-29 12:12:39','2023-04-29 12:12:39',NULL),(93,'Dr. Maximillian Bogisich IV','porro-pariatur-autem-asperiores',603,'Ut delectus eius nisi iure. Dolor in dignissimos amet quisquam omnis illo. Ad quibusdam ut deserunt molestiae veritatis.','sunt','2023-04-29 12:12:39','2023-04-29 12:12:39',NULL),(94,'Maybell Willms Jr.','consequatur-dolorem-accusantium-blanditiis-enim-sed',706706,'Harum quasi omnis sint in ea nemo. Est perferendis et accusamus eum. Ex omnis nesciunt sit magnam voluptate. Quo quia magnam quia architecto perspiciatis.','aperiam','2023-04-29 12:12:40','2023-04-29 12:12:40',NULL),(95,'Dr. Camylle Ferry','reprehenderit-dolorum-cum-quia-facere',3575,'Explicabo ea facere et facere. Quia est consequatur laborum occaecati optio qui. Quae nesciunt consequatur repellat omnis eos qui.','officia','2023-04-29 12:12:40','2023-04-29 12:12:40',NULL),(96,'Delbert Treutel MD','itaque-voluptatem-perferendis-qui-voluptatem-temporibus',38265039,'Et rerum quo voluptate corrupti vel. Dolorum earum doloremque et mollitia distinctio. Sit et natus cum.','debitis','2023-04-29 12:12:40','2023-04-29 12:12:40',NULL),(97,'Mrs. Kaycee Rogahn','error-et-autem-nihil-tenetur-eaque-magni-at-laborum',523,'Incidunt assumenda veniam beatae. Animi dolores sequi fugiat unde iure. Aut aut sed fugiat at ducimus.','exercitationem','2023-04-29 12:12:40','2023-04-29 12:12:40',NULL),(98,'Ms. Romaine Feest PhD','dolorem-vel-et-quos-culpa',686,'Iste qui nihil recusandae enim. Enim et numquam commodi dolores nam. Amet molestiae qui nulla voluptatem.','id','2023-04-29 12:12:40','2023-04-29 12:12:40',NULL),(99,'Kaley Hermiston','iste-vel-neque-sunt-optio-quis-dignissimos-possimus',6585,'Odio nobis porro eligendi. Tenetur eius molestias sit ea eos dolore consequatur. Iusto sit ducimus ut perferendis nemo ipsum repellendus.','sed','2023-04-29 12:12:40','2023-04-29 12:12:40',NULL),(100,'Miller Volkman','fugiat-id-laudantium-nihil-nobis-quisquam-nam',969190009,'Unde facilis quo qui quae. Corrupti ad omnis ea inventore nisi alias provident. Temporibus et corrupti eius facere. Unde et accusamus vel quia consectetur.','excepturi','2023-04-29 12:12:40','2023-04-29 12:12:40',NULL),(101,'Lauryn Ferry','debitis-consequatur-optio-molestias-labore-molestiae-odio-non',558,'Repellat quidem excepturi animi nihil beatae et. Libero iusto quia dolorem non id nihil quia in. Commodi tenetur maiores dolore culpa eos velit. Aut itaque magni perferendis rerum minima.','ad','2023-04-29 12:12:41','2023-04-29 12:12:41',NULL),(102,'Prof. Alvera Koelpin','ipsa-non-esse-voluptas-voluptatem-voluptatem-nostrum-pariatur-quo',4432268,'Accusantium fuga quae ut necessitatibus corrupti. Delectus amet voluptatem ipsum vero doloremque. Et totam rerum nisi voluptatum.','expedita','2023-04-29 12:12:41','2023-04-29 12:12:41',NULL),(103,'Emory Padberg','dolore-natus-aperiam-sit-qui-voluptates',38393775,'Ex hic voluptatibus est architecto sint nemo alias. Corporis et sint molestias hic voluptatum accusamus eaque odit. Accusantium esse nulla eos in quia explicabo. Omnis animi excepturi nihil.','enim','2023-04-29 12:12:41','2023-04-29 12:12:41',NULL),(104,'Miss Kylie Reilly','dolorum-sed-accusantium-cum-temporibus',7340,'Sunt similique atque est. Ut totam totam illo ipsam. Repellat quibusdam facere non omnis.','est','2023-04-29 12:12:41','2023-04-29 12:12:41',NULL),(105,'Francesco Morar IV','corrupti-sit-adipisci-rerum',3277704,'Nihil vel excepturi dolores. Non recusandae quis aspernatur. Ullam dolorum possimus ipsum tempora aut totam id.','nam','2023-04-29 12:12:41','2023-04-29 12:12:41',NULL),(106,'Prof. Estefania White','nulla-dicta-iure-debitis',57264335,'Veniam sit qui quia error sit natus inventore. Pariatur officia corporis non voluptas et. Nam consequatur iusto aut voluptas ipsam odio.','fugit','2023-04-29 12:12:41','2023-04-29 12:12:41',NULL),(107,'Carolanne Daugherty','molestiae-omnis-nihil-tempore-ut-soluta',395428992,'Tenetur occaecati omnis quidem voluptates fuga excepturi ad. Velit voluptate nihil voluptatem numquam voluptates ut. Facere ea et corrupti autem sit.','corrupti','2023-04-29 12:12:41','2023-04-29 12:12:41',NULL),(108,'Katarina Wehner MD','repudiandae-consectetur-sapiente-sunt-repellendus-maiores-quo-harum',2625320,'Rem veniam non nihil. Molestias dolores dolores pariatur quae dolorum assumenda. Consequatur dolorum maxime ut. A ad veritatis voluptate itaque.','rerum','2023-04-29 12:12:41','2023-04-29 12:12:41',NULL),(109,'Dr. Velda Schuppe','laborum-aut-voluptas-ut-expedita',66466817,'Labore natus tempora perspiciatis exercitationem et et tenetur. Consequatur est alias ipsam quasi deserunt doloremque. Tenetur et commodi assumenda ut voluptatem.','cum','2023-04-29 12:12:42','2023-04-29 12:12:42',NULL),(110,'Dr. Charley Dach DVM','voluptas-cum-consequatur-minus-aut-optio-ut',94,'Est ipsum eaque et debitis provident eum. Qui voluptas libero facilis maxime at. Qui id sed quo mollitia omnis impedit. Assumenda laborum rerum quo qui ut.','corporis','2023-04-29 12:12:42','2023-04-29 12:12:42',NULL),(111,'Cheyenne Harber','vero-iusto-sunt-nam-non-iste-aspernatur',75629,'Repellat tenetur pariatur quam expedita. Voluptas nobis temporibus voluptatem in aliquam nesciunt. Consequatur id rerum qui dignissimos.','consequatur','2023-04-29 12:12:42','2023-04-29 12:12:42',NULL),(112,'Marilyne Rempel','consequuntur-similique-eveniet-et-quisquam-sequi-aspernatur-molestias-excepturi',2,'Sit adipisci eligendi et cumque architecto commodi porro hic. Iure et doloribus autem id. Dicta aut non voluptas provident. Quia est porro nam eaque id ea fugiat.','sit','2023-04-29 12:12:42','2023-04-29 12:12:42',NULL),(113,'Owen Gerlach','enim-harum-sunt-debitis-ipsum-maxime-totam-reiciendis',4,'Nam enim eum dolorem eum et. Totam quam voluptatem qui exercitationem. Velit quo perspiciatis ea ad a dolorum aliquid sequi.','deleniti','2023-04-29 12:12:42','2023-04-29 12:12:42',NULL),(114,'Miss Augusta Schumm I','deleniti-cupiditate-eveniet-qui-aliquid-officiis',36812,'Ratione placeat vel placeat placeat optio dolorem libero. Voluptates est corrupti ut aut excepturi aspernatur quo non. Consequatur velit mollitia fugit excepturi amet quia dolorem.','id','2023-04-29 12:12:42','2023-04-29 12:12:42',NULL),(115,'Prof. Creola Reilly','ut-expedita-placeat-id-veniam-dicta',209,'Repellat debitis beatae et optio dicta corrupti enim ducimus. Hic dolores assumenda laudantium fugit. In qui officia dicta dicta minima.','ipsa','2023-04-29 12:12:42','2023-04-29 12:12:42',NULL),(116,'Brenna Hegmann','rem-vitae-quidem-dolorem',994178531,'Quia omnis voluptates nobis aut assumenda numquam odio. Ut provident eveniet officia. Temporibus voluptas assumenda vel non animi voluptates. Architecto voluptatibus accusantium quod rerum.','soluta','2023-04-29 12:12:42','2023-04-29 12:12:42',NULL),(117,'Jude Leuschke','et-enim-voluptas-aut-voluptatem-non-rerum',379984,'Aspernatur quis aut est molestias. Perspiciatis eum fugit maxime sed. Soluta deserunt illo dolor ut fuga officia itaque. Aliquam et animi nulla at ea architecto.','omnis','2023-04-29 12:12:43','2023-04-29 12:12:43',NULL),(118,'Miss Retta Kunze','optio-sunt-est-aut-non-reprehenderit-non-mollitia-et',39,'Ut incidunt iure ipsam et quis odit aut. Voluptate voluptatibus tempora nemo aut. Labore voluptatem consequuntur est distinctio nesciunt.','omnis','2023-04-29 12:12:43','2023-04-29 12:12:43',NULL),(119,'Mr. Ambrose Crona II','id-corporis-esse-fugit-hic-voluptatem',478547159,'In perferendis sint alias vel ut in numquam. Atque tenetur error exercitationem ut est dolor. Natus qui est et dolores adipisci corporis. Quisquam rerum ea rerum assumenda corporis architecto.','eveniet','2023-04-29 12:12:43','2023-04-29 12:12:43',NULL),(120,'Dayna Grady','facilis-quidem-quisquam-aliquam-dolorem-soluta',6717,'Et vitae sunt ipsam. Qui et et officia est. Nemo et molestiae non aperiam.','et','2023-04-29 12:12:43','2023-04-29 12:12:43',NULL),(121,'Kyleigh Volkman','illo-vero-rerum-similique-fuga-qui',3,'Et nesciunt magnam qui. Quisquam non voluptatem nostrum aliquam. Possimus quam consequuntur deleniti ratione molestiae cumque fugit. Voluptatem quod id eos aut.','numquam','2023-04-29 12:12:43','2023-04-29 12:12:43',NULL),(122,'Jovan Kassulke','sit-consequatur-beatae-saepe-consequatur-rerum-non-sint',896717,'Cumque veniam quia quis molestiae nihil saepe. Ut repellat accusamus explicabo. Saepe ducimus doloribus perspiciatis quis. Amet id voluptatum omnis deleniti non vero est.','quaerat','2023-04-29 12:12:43','2023-04-29 12:12:43',NULL),(123,'Dr. Sallie Cronin IV','odio-officiis-inventore-sit-repellendus-molestiae-tempora',17884,'A laudantium reiciendis cum. Ex modi quia laborum aperiam facere aut accusantium. Possimus fuga consequatur et dolorum porro consequatur.','eos','2023-04-29 12:12:43','2023-04-29 12:12:43',NULL),(124,'Veronica Von','pariatur-quae-nihil-rem-est',475125851,'Saepe sit hic qui vel autem eos. Vel amet illo et. Suscipit sint dolores earum nulla. Maxime voluptatibus ad dolorem quibusdam incidunt.','fugit','2023-04-29 12:12:43','2023-04-29 12:12:43',NULL),(125,'Paxton Schulist','deleniti-iusto-aspernatur-sunt-quos-quae-molestias',3207,'Ratione voluptate eos magnam explicabo ab blanditiis labore. Blanditiis voluptatibus est in nesciunt et ut quibusdam. Fugiat minus cum dignissimos in autem recusandae.','laborum','2023-04-29 12:12:44','2023-04-29 12:12:44',NULL),(126,'Abdul Douglas Sr.','ut-ut-ut-quia-facilis-magni-quam-laboriosam',868510399,'Doloremque voluptas unde magnam quia. Numquam qui eum voluptas ad. Accusamus odit dolores similique. Quisquam aut minus quibusdam iusto eligendi occaecati sed in.','sit','2023-04-29 12:12:44','2023-04-29 12:12:44',NULL),(127,'Annabell Mraz','sed-necessitatibus-est-maxime-vero-architecto-et-non',36,'Eligendi aut quia totam dicta possimus. Nostrum fuga blanditiis harum eum eveniet. Eligendi culpa officiis vitae non.','voluptas','2023-04-29 12:12:44','2023-04-29 12:12:44',NULL),(128,'Jefferey Labadie MD','est-dicta-aspernatur-eos-eaque-blanditiis',76348,'Et possimus placeat est tempora velit quaerat et. Non velit porro vel animi. Voluptates qui minus aut. Eaque sed qui maiores est.','illo','2023-04-29 12:12:44','2023-04-29 12:12:44',NULL),(129,'Isaias Satterfield','nesciunt-vel-odit-expedita-rem-non-beatae',39920701,'Rerum quos ea ut vel velit ullam. Est repellendus vel quibusdam quasi est placeat. Rerum quasi consequatur repudiandae quos eius ipsa.','qui','2023-04-29 12:12:44','2023-04-29 12:12:44',NULL),(130,'Lola Johns','sint-qui-cupiditate-reprehenderit-magni-exercitationem-ex-quo',23127,'Facilis doloribus qui minus voluptates et. Vel sit sunt veritatis quo itaque qui aut.','tenetur','2023-04-29 12:12:44','2023-04-29 12:12:44',NULL),(131,'Easton Leannon','adipisci-reprehenderit-maxime-porro-nemo-iste-rerum',30,'Consequuntur dolor ipsum libero accusantium ut ipsum. Voluptatem sint occaecati velit eum delectus. Ut quo quo eum ipsa molestias.','praesentium','2023-04-29 12:12:44','2023-04-29 12:12:44',NULL),(132,'Marjolaine Mills','sit-quaerat-dolor-eos',0,'Voluptatem rerum pariatur in suscipit non aut. Consequatur fuga dolor vel molestias culpa.','consequuntur','2023-04-29 12:12:45','2023-04-29 12:12:45',NULL),(133,'Dejah Hilpert MD','dignissimos-est-ut-illum-sint-omnis-quis-rerum',1,'Sequi facere quidem saepe enim quia. Nihil voluptatem commodi eum et. Tempore consequuntur et repellat facilis.','rem','2023-04-29 12:12:45','2023-04-29 12:12:45',NULL),(134,'Rahsaan Hane DDS','quis-error-similique-quisquam-minima',289309461,'Officiis hic totam et ullam ipsum omnis nobis. Ut tenetur voluptates voluptatem eaque eum ab. Voluptatibus nobis assumenda earum odit occaecati. Dolor possimus et sint.','quis','2023-04-29 12:12:45','2023-04-29 12:12:45',NULL),(135,'Ashton Wolf','velit-praesentium-quasi-sint-voluptas-sint-dolorem-iste-totam',63663089,'Blanditiis adipisci ea doloremque eaque porro. Omnis velit dicta impedit deserunt. Debitis voluptatibus saepe quos illo facilis.','nulla','2023-04-29 12:12:45','2023-04-29 12:12:45',NULL),(136,'Prof. Mylene Greenfelder','et-repellat-ut-aut-sunt',89991653,'Voluptatum aspernatur dolorum quibusdam enim sint. Aut eos qui et et eveniet non delectus. Nesciunt ratione dolores ut.','dolorem','2023-04-29 12:12:45','2023-04-29 12:12:45',NULL),(137,'Dr. Amelia Schaden','qui-quidem-eum-aspernatur-aut-repudiandae-hic-assumenda-sit',4399821,'Magni repellat facilis nulla cupiditate quidem. Voluptatem ipsam ut impedit qui quaerat molestiae consequuntur. Laborum et et consequatur ipsam.','tenetur','2023-04-29 12:12:45','2023-04-29 12:12:45',NULL),(138,'Samantha Murray','et-reprehenderit-repellat-dolor-non-excepturi-fugiat',793583863,'Quos qui voluptate officiis itaque. Minus alias velit eos delectus. Iusto temporibus repudiandae magnam. Voluptas qui facere autem quidem. Cumque sit reiciendis molestiae eos facere.','tempora','2023-04-29 12:12:45','2023-04-29 12:12:45',NULL),(139,'Arnulfo Bednar','tempora-aut-qui-quam-eligendi-occaecati-possimus',1,'Minima aspernatur illum temporibus aut. Perspiciatis ut sed molestiae. Ipsam ipsam eveniet ut ipsum porro. Similique neque alias mollitia quis et amet et rerum.','dolore','2023-04-29 12:12:45','2023-04-29 12:12:45',NULL),(140,'Sydni Glover','aut-aperiam-omnis-quam-rerum-in-quam',165,'Cumque praesentium autem tenetur nulla dignissimos. Quia est laudantium facilis reprehenderit et animi. Aut repellat veniam eveniet magni.','tempore','2023-04-29 12:12:46','2023-04-29 12:12:46',NULL),(141,'Marcel Willms','dicta-et-quisquam-explicabo-consequatur-beatae-sunt',2,'Nemo tenetur distinctio ut nemo ea. Dicta provident qui incidunt odio distinctio dolor. Quia nisi cumque magni vel et iure sint error.','veritatis','2023-04-29 12:12:46','2023-04-29 12:12:46',NULL),(142,'Delaney Quigley','deleniti-velit-occaecati-occaecati-quia-ut-rerum-facilis',4,'Et error rerum deserunt quia modi ipsa. Non dignissimos debitis nisi maiores laboriosam recusandae sed. Voluptates et voluptas adipisci reiciendis id. Deserunt animi eaque autem.','provident','2023-04-29 12:12:46','2023-04-29 12:12:46',NULL),(143,'Hank Lueilwitz','dolores-voluptatem-commodi-quidem-omnis-quam-sit-provident',128533730,'Tempora ab dolorem consequuntur similique. Ducimus molestiae distinctio et ut similique. In ex rerum iusto deserunt.','eum','2023-04-29 12:12:46','2023-04-29 12:12:46',NULL),(144,'Malvina Cummings MD','iure-quia-est-ullam-voluptatem-magni-dolorem',910,'Nihil expedita omnis officia iure in ut temporibus a. Id velit quaerat maxime vel. Eveniet voluptas libero doloremque ea laboriosam.','reiciendis','2023-04-29 12:12:46','2023-04-29 12:12:46',NULL),(145,'Dr. Alvera Johnson PhD','occaecati-quis-iste-et-minima-et-animi-cumque-tempore',789,'Temporibus rerum dicta magnam porro porro officia. Eius qui vero et libero aut et quo. Deserunt nemo et eveniet optio odit et. Aspernatur voluptas quam maiores.','similique','2023-04-29 12:12:46','2023-04-29 12:12:46',NULL),(146,'Mr. Derek Cormier PhD','ut-at-non-sit-officiis-ut',95,'Rerum aut laboriosam facilis cum id. Repudiandae ut possimus ut reprehenderit rerum eveniet. Voluptas fuga voluptate optio id id. Quia quis qui animi.','commodi','2023-04-29 12:12:46','2023-04-29 12:12:46',NULL),(147,'Naomi O\'Connell','voluptatem-et-laboriosam-vel-at-earum-fugit-voluptate-dolor',982,'Impedit qui commodi facere laudantium culpa reprehenderit reiciendis dolores. Cupiditate eos aperiam repellat aut. Nihil vel ab in autem fugit.','asperiores','2023-04-29 12:12:46','2023-04-29 12:12:46',NULL),(148,'Elsa Crooks','sint-placeat-molestiae-culpa-voluptatem-soluta-explicabo-quisquam',13832822,'Voluptate aut id occaecati numquam sit et neque. Vitae ut deserunt est rerum ad et nesciunt.','rerum','2023-04-29 12:12:47','2023-04-29 12:12:47',NULL),(149,'Miss Sarai O\'Hara MD','eius-enim-earum-aliquid-vero-placeat-eligendi',49804816,'Quaerat quod perspiciatis quae alias sit in aut. Dignissimos voluptatum quod et ut debitis ea. Aliquam sint ipsam inventore velit. Dolorem sit laudantium a veritatis est expedita.','quis','2023-04-29 12:12:47','2023-04-29 12:12:47',NULL),(150,'Emiliano Littel','consequatur-nihil-autem-nulla-dolorem',3575506,'Aut deleniti sint aperiam. Labore incidunt dolores sint est. Magni dolor et odit perspiciatis libero consectetur et.','et','2023-04-29 12:12:47','2023-04-29 12:12:47',NULL),(151,'Dr. Madeline Schultz','magnam-et-cum-impedit-blanditiis-quo-animi-qui-quasi',6910,'Rerum et esse et autem eius incidunt nisi. Voluptatem totam sit iste. Dolor sed veniam numquam voluptas illo commodi sint totam.','impedit','2023-04-29 12:12:47','2023-04-29 12:12:47',NULL),(152,'Uriel Spencer','dolorem-et-ut-aut-odio',65915,'Unde eos hic non est nisi expedita. Dolores dolorem dolores quas.','enim','2023-04-29 12:12:47','2023-04-29 12:12:47',NULL),(153,'Casimir Torp','quisquam-magnam-saepe-odio-ex-quod',94578,'Possimus saepe placeat quisquam tempore aperiam velit. Eveniet modi rerum eius facilis magni sint cumque.','reiciendis','2023-04-29 12:12:47','2023-04-29 12:12:47',NULL),(154,'Dr. Ryann Schiller I','et-quos-quis-nemo-dignissimos-labore-corporis',12306397,'Tempore reprehenderit voluptas corporis ut ad. Qui minima totam deleniti aut qui non enim. Illum beatae libero sed eos.','libero','2023-04-29 12:12:48','2023-04-29 12:12:48',NULL),(155,'Mrs. Jany Walter PhD','assumenda-similique-ea-recusandae-at',3388711,'In aliquid ratione necessitatibus expedita expedita dolor. Occaecati sequi vel excepturi quis non. Iure placeat cupiditate voluptatem numquam aut.','adipisci','2023-04-29 12:12:48','2023-04-29 12:12:48',NULL),(156,'Arely Swaniawski','unde-voluptates-voluptas-fuga-pariatur',50509,'Accusamus deleniti odit eos alias minima facere. Minima laudantium sit sequi et. Aspernatur qui omnis illo consectetur saepe quis. Alias atque rem enim omnis beatae.','voluptatibus','2023-04-29 12:12:48','2023-04-29 12:12:48',NULL),(157,'Prof. Abe Kerluke','nisi-aperiam-aliquid-sint-et-quod-non-reiciendis',23393333,'Quo officiis eum porro qui quisquam. Dolorum qui non voluptatibus qui blanditiis nisi velit. Iusto repudiandae earum quia atque sed voluptates.','aperiam','2023-04-29 12:12:48','2023-04-29 12:12:48',NULL),(158,'Madelyn Lehner','aspernatur-dicta-ut-eum-doloremque',60,'Expedita vel natus voluptates impedit. Occaecati rerum non reiciendis porro earum quia. Eum alias ratione illum iste. Unde perspiciatis suscipit quos.','nam','2023-04-29 12:12:48','2023-04-29 12:12:48',NULL),(159,'Dr. Darrell Johnson I','fugit-a-officiis-voluptate-aliquam-recusandae-est-hic',8,'Laborum est temporibus quia aut corrupti facilis. Inventore iusto sed saepe. Tempora debitis omnis tenetur. Voluptatibus qui nam unde a.','omnis','2023-04-29 12:12:48','2023-04-29 12:12:48',NULL),(160,'Mafalda Howe','eligendi-numquam-repudiandae-fuga-architecto-expedita-voluptate-iusto',19171,'Quisquam nisi dolorem architecto nihil. Suscipit accusantium aut id enim. Totam corporis vel reprehenderit corrupti eos dolorem.','autem','2023-04-29 12:12:48','2023-04-29 12:12:48',NULL),(161,'Olin Dietrich','officia-quia-et-molestiae-enim-eligendi-aut',4,'Eum non iusto odit. Similique est veritatis culpa. Officia recusandae quo voluptatem aspernatur rerum autem et voluptatem. Iusto sint nam aut suscipit. Et velit omnis est ad et.','in','2023-04-29 12:12:48','2023-04-29 12:12:48',NULL),(162,'Daron Jerde','nemo-aut-veniam-repellendus-voluptatem-veniam-maiores',976,'Velit tenetur rerum mollitia ut laborum. Quisquam eaque iste ut. Magnam aut sed iste vero repudiandae. Quasi totam odio aperiam non.','optio','2023-04-29 12:12:49','2023-04-29 12:12:49',NULL),(163,'Celestino Abbott','eligendi-molestiae-ut-ut-voluptas',78749806,'At minima repellat sed porro consequatur velit. Quidem ratione est non. Quasi velit officia asperiores saepe rem voluptatem et.','et','2023-04-29 12:12:49','2023-04-29 12:12:49',NULL),(164,'Miss Ashlee Witting DVM','molestias-voluptatem-commodi-consequatur-laborum-qui',9,'Non ipsam animi eveniet quibusdam recusandae sint. Necessitatibus quae fuga et non. Temporibus occaecati fugiat quis quia mollitia culpa minima. Veritatis reprehenderit nam voluptatem quia voluptate.','qui','2023-04-29 12:12:49','2023-04-29 12:12:49',NULL),(165,'Prof. Jordi Simonis','sunt-aut-eligendi-voluptas-similique-similique-ea-mollitia',3719413,'Quae repudiandae enim voluptatem sint ea et. Rerum dolores nihil expedita. Doloribus est labore tempora. Ad quis sit ad corporis excepturi.','distinctio','2023-04-29 12:12:49','2023-04-29 12:12:49',NULL),(166,'Dr. Stanton Keeling','suscipit-et-aspernatur-doloribus-rerum-voluptatem-consectetur',0,'Doloribus velit quos qui dolorem voluptatibus. Modi molestiae id commodi quia necessitatibus. Commodi voluptas nihil ea enim commodi consequatur. Rerum ut et beatae vitae et sapiente et.','nihil','2023-04-29 12:12:49','2023-04-29 12:12:49',NULL),(167,'Savanah Rempel','nisi-eligendi-omnis-possimus-ipsam-ut-unde-qui-expedita',9735664,'Molestias et itaque iste totam voluptas. Vel illo maxime aliquam similique dolore aut sint. Animi sint molestias minima quia dolorem. Et maxime exercitationem sequi assumenda provident.','eos','2023-04-29 12:12:49','2023-04-29 12:12:49',NULL),(168,'Mrs. Jewell Kozey PhD','rerum-autem-veritatis-nesciunt-quo-in-quae',32,'Doloremque sint libero eum est autem ab eos molestiae. Ut reiciendis quia beatae aliquam assumenda. Et hic illo commodi in provident est repellendus consequatur.','repellat','2023-04-29 12:12:49','2023-04-29 12:12:49',NULL),(169,'Dr. Robbie Russel I','dolore-quis-aliquid-qui-tempora',257290034,'Error commodi et et asperiores quam. Illum eligendi sit accusamus ad aspernatur aspernatur fuga. Quia sint unde qui non soluta error. Nihil tempora esse sapiente quibusdam ea. Ea rerum non vel.','possimus','2023-04-29 12:12:50','2023-04-29 12:12:50',NULL),(170,'Anais Bruen','nam-dicta-at-et-perspiciatis',6621,'Sit voluptates occaecati rem alias. Labore est qui ut voluptatem ut quisquam repellendus quo. Atque non aut voluptatem et.','aut','2023-04-29 12:12:50','2023-04-29 12:12:50',NULL),(171,'Rickie Hansen','facere-est-adipisci-et-et',7942861,'A distinctio neque dolores. Autem iusto voluptates velit voluptatem magni.','harum','2023-04-29 12:12:50','2023-04-29 12:12:50',NULL),(172,'Cyril Mayer I','consequatur-et-non-cum-alias',257931,'Hic quae in officiis est aut voluptas corrupti. Autem dolorem id molestias enim. Nulla totam dolore et voluptatem perspiciatis maxime saepe fuga. Quis eos voluptatem quia aliquam explicabo.','omnis','2023-04-29 12:12:50','2023-04-29 12:12:50',NULL),(173,'Prof. Earnestine Ebert IV','excepturi-fugit-qui-cupiditate-sunt-nam-eligendi',12420,'Voluptatem voluptatibus dolorem repudiandae sequi doloremque. Eligendi perferendis quibusdam quos necessitatibus praesentium distinctio. Dolores molestiae totam incidunt sequi.','est','2023-04-29 12:12:50','2023-04-29 12:12:50',NULL),(174,'Aimee Bednar','inventore-temporibus-eligendi-voluptas-maxime-cum',8,'Odit error doloremque quibusdam rem culpa. Nihil qui est eveniet architecto. Qui debitis nisi corporis quis. Excepturi cumque esse sit voluptatum natus.','sit','2023-04-29 12:12:50','2023-04-29 12:12:50',NULL),(175,'Leonor Hyatt','itaque-facilis-alias-molestiae-eum-veniam-commodi-perferendis',30,'Ipsa autem inventore saepe sint saepe inventore. Et voluptate rerum asperiores voluptatem nisi error culpa. Qui culpa debitis et molestias. Non ipsa labore vero saepe.','doloribus','2023-04-29 12:12:50','2023-04-29 12:12:50',NULL),(176,'Kaylee Kozey','ad-quis-molestiae-aliquam-officiis-sit',6,'Odio reprehenderit adipisci dolore perferendis similique. Ducimus impedit aperiam tempora aperiam est aut. Voluptatem dolorum provident nesciunt.','quia','2023-04-29 12:12:51','2023-04-29 12:12:51',NULL),(177,'Kane Steuber','recusandae-aperiam-et-quasi-exercitationem-ea-nihil',56558,'Maxime quod necessitatibus alias quisquam nobis. Quaerat ipsum eveniet eum quia ut earum consequuntur. Explicabo dolores cum saepe placeat beatae autem nulla.','doloribus','2023-04-29 12:12:51','2023-04-29 12:12:51',NULL),(178,'Kaci Windler','eius-cupiditate-ut-voluptatem-vel',792,'Voluptatem enim qui recusandae facere ut. Fugiat et nisi autem illo qui ipsam. Quos facilis ut eveniet nobis.','hic','2023-04-29 12:12:51','2023-04-29 12:12:51',NULL),(179,'Anna McKenzie','eligendi-rerum-consequatur-omnis-perferendis-natus',1283186,'Sit culpa aut repellat omnis corrupti saepe. Quaerat quibusdam sit commodi quia nam. Eveniet odio omnis consequatur enim aut velit.','ea','2023-04-29 12:12:51','2023-04-29 12:12:51',NULL),(180,'Beulah Simonis','eligendi-et-ipsam-quos-est-repellat',3890557,'Vero omnis ducimus molestiae dolorem et. Dolore ex adipisci modi non. Aut modi illo nobis numquam corporis iusto.','non','2023-04-29 12:12:51','2023-04-29 12:12:51',NULL),(181,'Dr. Toy Little','id-vitae-dignissimos-id-repudiandae-dolores-aperiam',4039915,'Amet vero non veritatis expedita aut. Et nulla ratione magnam voluptas fugit quo sed. Porro autem necessitatibus doloremque est officiis magni enim.','perferendis','2023-04-29 12:12:51','2023-04-29 12:12:51',NULL),(182,'Mrs. Darby Metz PhD','saepe-ad-beatae-iusto-eum-rerum-sit',619002,'Explicabo fuga hic quos. Quia consequatur ut in. Veniam dolorum quaerat veritatis maiores qui aut. Omnis iusto magnam asperiores numquam praesentium saepe.','natus','2023-04-29 12:12:52','2023-04-29 12:12:52',NULL),(183,'Vella Heaney','consequatur-quia-eveniet-quo-nemo-est',842076259,'Illo neque possimus nisi sit culpa nisi. Et ea ad dignissimos praesentium voluptas vel rerum. Ut voluptas ratione reiciendis qui atque voluptatem.','quia','2023-04-29 12:12:52','2023-04-29 12:12:52',NULL),(184,'Dr. Aurore Hermann IV','mollitia-pariatur-eum-occaecati-sunt-accusamus-doloribus',793352,'Quidem saepe nihil excepturi quam ullam. Placeat facere odio velit voluptatem numquam. Quod adipisci cum debitis voluptatum occaecati. Ut voluptas ex numquam voluptas harum culpa fugit.','possimus','2023-04-29 12:12:52','2023-04-29 12:12:52',NULL),(185,'Tina Ullrich','quisquam-laboriosam-reprehenderit-et',42682314,'Magnam adipisci voluptatem consequatur. Porro impedit a aut. Aut similique dolorum sint sint. Voluptatem id vel voluptates exercitationem porro ea molestiae.','aut','2023-04-29 12:12:52','2023-04-29 12:12:52',NULL),(186,'Ubaldo Goodwin','tempore-et-et-consequatur-eligendi',9,'Ab quod voluptas soluta incidunt. Veritatis ut delectus commodi dolor quasi beatae. Eligendi cumque occaecati dolor laborum unde ut. Est facere sed aliquid quo nam dolores nostrum sed.','voluptatum','2023-04-29 12:12:52','2023-04-29 12:12:52',NULL),(187,'Aileen Bechtelar','illo-nobis-quos-rerum-magnam',542291,'Aut minima dolorum natus aut quae. Et praesentium dolorem hic et. Laudantium et velit earum error minus similique commodi nostrum. Magnam sed aperiam non vel quo.','consequuntur','2023-04-29 12:12:52','2023-04-29 12:12:52',NULL),(188,'Desmond Predovic','eos-accusamus-provident-aut-id-molestias-quasi-dolores',64,'Incidunt laborum est mollitia minima quia. Amet dignissimos consectetur aut autem sint. Qui quas sint cupiditate.','quibusdam','2023-04-29 12:12:52','2023-04-29 12:12:52',NULL),(189,'Donny Weimann','qui-repellat-nobis-ipsa-eligendi',9,'Perspiciatis totam quod iste neque. Perspiciatis cum nihil placeat corrupti. Officia nihil fuga quo accusamus minus tenetur sit. Repellendus molestias explicabo illo.','et','2023-04-29 12:12:53','2023-04-29 12:12:53',NULL),(190,'Clark Fritsch II','odio-quisquam-consequatur-voluptatum-officia-eos-explicabo',137319220,'Qui facere similique provident voluptas. Autem vel saepe et non consequuntur tempore voluptatem illo. Rerum minus deleniti quis consequatur ullam.','eaque','2023-04-29 12:12:53','2023-04-29 12:12:53',NULL),(191,'Vivienne Gleason','delectus-autem-veritatis-et-possimus-ab-animi-omnis-nostrum',64786,'Quaerat et non recusandae illum excepturi numquam. Voluptas eaque magni nemo laboriosam reiciendis iste doloribus. Distinctio laboriosam saepe placeat culpa totam occaecati.','non','2023-04-29 12:12:53','2023-04-29 12:12:53',NULL),(192,'Gaston Bernier','maxime-eveniet-minima-dicta-optio-delectus-sunt',574,'Incidunt est sapiente ducimus illo. Explicabo consequatur sint earum modi maxime. Nobis non architecto reprehenderit earum ut totam eligendi. Nesciunt et at iste quas.','eum','2023-04-29 12:12:54','2023-04-29 12:12:54',NULL),(193,'Taryn Gaylord','magni-iste-et-expedita',650859290,'Possimus ut tempora asperiores perferendis officiis amet sequi. Non in aliquid assumenda. Inventore et odit veritatis quas molestiae.','fugiat','2023-04-29 12:12:54','2023-04-29 12:12:54',NULL),(194,'Yasmin Bailey','magnam-libero-aut-officia-nihil',8,'Quae quia sed fuga necessitatibus. Nihil sed adipisci id quidem tempora consequatur laboriosam exercitationem.','laboriosam','2023-04-29 12:12:55','2023-04-29 12:12:55',NULL),(195,'Virgie Reichert','quasi-expedita-earum-autem',1,'Porro quisquam nostrum pariatur nobis repellendus. Sed sunt repellendus quia ut distinctio. Vero doloribus aut et repellendus perspiciatis aut. Cum recusandae quis quia et cumque.','qui','2023-04-29 12:12:55','2023-04-29 12:12:55',NULL),(196,'Edmund Skiles','nesciunt-totam-ut-molestias-distinctio-voluptas-ex-accusamus-reprehenderit',19978426,'Pariatur est nisi ea neque. Nemo ad dolor quasi eius dolor dolor. Ipsum dignissimos qui est a in. Architecto aspernatur accusantium optio voluptas tenetur magni.','eos','2023-04-29 12:12:55','2023-04-29 12:12:55',NULL),(197,'Hillard Beatty','qui-ducimus-sed-nihil-deserunt',9342018,'Dolores consequuntur at sit quisquam provident ratione. In id nesciunt minima eius est laboriosam. Perferendis sit similique nihil ad nemo. Reprehenderit dolore eum eos qui.','nulla','2023-04-29 12:12:55','2023-04-29 12:12:55',NULL),(198,'Flavie Johnson','perferendis-ut-aliquam-omnis-rerum-aut',778763,'Consequatur quasi rerum odit neque praesentium et. Quibusdam et qui et dolor. Sed at est aut. Quo sit in sed. Eveniet ullam nobis iste sapiente a. Sit quaerat nulla odio non aut.','similique','2023-04-29 12:12:56','2023-04-29 12:12:56',NULL),(199,'Janelle Ward','mollitia-dolor-consequatur-sunt-dolores',0,'Blanditiis eaque doloribus officia. Incidunt reiciendis ratione tenetur ad voluptate delectus. Aperiam assumenda non molestias eum est ab.','nam','2023-04-29 12:12:56','2023-04-29 12:12:56',NULL),(200,'Shaina Cummings','aut-tenetur-possimus-et-voluptatum-quibusdam-laboriosam-labore-velit',287288701,'Autem enim debitis possimus animi assumenda. Aut quibusdam unde quia in. Occaecati sed omnis et modi.','minima','2023-04-29 12:12:56','2023-04-29 12:12:56',NULL),(201,'Adolfo Daugherty','voluptatem-delectus-quis-nisi-aut-velit-accusantium-voluptates-enim',1495,'Tenetur odit est blanditiis ad qui nihil maxime. Qui voluptates corporis eaque atque. Dignissimos enim recusandae vel. Qui explicabo et ratione adipisci sapiente veniam.','numquam','2023-04-29 12:12:56','2023-04-29 12:12:56',NULL),(202,'Terrance O\'Conner MD','aut-sequi-cum-nostrum-aut-molestiae-ut-inventore',75998,'Dolorem quaerat voluptatum accusantium molestiae. Minus enim alias quod corporis culpa doloremque. Aut itaque cum sit eius accusamus id assumenda tenetur. Ea facere quis aut qui et.','voluptas','2023-04-29 12:12:56','2023-04-29 12:12:56',NULL),(203,'Corrine Lindgren DDS','expedita-eaque-non-fugiat-velit-odit',0,'Autem eos sed occaecati et. Quis unde non sunt est mollitia. Eligendi cupiditate voluptate alias eveniet eveniet aut dicta. Dicta aut neque hic a amet eos expedita dolor.','ut','2023-04-29 12:12:57','2023-04-29 12:12:57',NULL),(204,'Dr. Freddy Powlowski','delectus-perspiciatis-et-esse-vero-inventore',601,'Consequatur eligendi minima sit autem quibusdam. Quia praesentium corrupti qui explicabo voluptatem cumque. Est placeat consectetur consequuntur ipsum sunt.','consequatur','2023-04-29 12:12:57','2023-04-29 12:12:57',NULL),(205,'Cristina Smith','nemo-eum-molestiae-aspernatur-eum',31,'Minus occaecati in laboriosam asperiores minima. Aperiam inventore eum perspiciatis aperiam et vero tempore eos. Et voluptatem accusantium vel odit corrupti. Aut nobis omnis quia et.','illo','2023-04-29 12:12:57','2023-04-29 12:12:57',NULL),(206,'Madison Gerlach','minus-voluptas-suscipit-et-alias-consequuntur-hic-doloremque',19057940,'Neque hic accusamus dolor rerum dicta amet quos. Hic quasi dolorum aut voluptatem sint. Sint id omnis in numquam. Labore amet vitae quasi in magnam.','sed','2023-04-29 12:12:59','2023-04-29 12:12:59',NULL);
/*!40000 ALTER TABLE `services` ENABLE KEYS */;
UNLOCK TABLES;

--
-- Table structure for table `settings`
--

DROP TABLE IF EXISTS `settings`;
/*!40101 SET @saved_cs_client     = @@character_set_client */;
/*!50503 SET character_set_client = utf8mb4 */;
CREATE TABLE `settings` (
  `id` bigint unsigned NOT NULL AUTO_INCREMENT,
  `title` varchar(255) COLLATE utf8mb4_unicode_ci NOT NULL,
  `description` longtext COLLATE utf8mb4_unicode_ci NOT NULL,
  `email` varchar(255) COLLATE utf8mb4_unicode_ci NOT NULL,
  `mobile` varchar(255) COLLATE utf8mb4_unicode_ci NOT NULL,
  `phone` varchar(255) COLLATE utf8mb4_unicode_ci DEFAULT NULL,
  `instagram` varchar(255) COLLATE utf8mb4_unicode_ci NOT NULL,
  `facebook` varchar(255) COLLATE utf8mb4_unicode_ci NOT NULL,
  `twitter` varchar(255) COLLATE utf8mb4_unicode_ci NOT NULL,
  `linkedin` varchar(255) COLLATE utf8mb4_unicode_ci DEFAULT NULL,
  `google` varchar(255) COLLATE utf8mb4_unicode_ci DEFAULT NULL,
  `address` varchar(255) COLLATE utf8mb4_unicode_ci NOT NULL,
  `created_at` timestamp NULL DEFAULT NULL,
  `updated_at` timestamp NULL DEFAULT NULL,
  `deleted_at` timestamp NULL DEFAULT NULL,
  PRIMARY KEY (`id`)
) ENGINE=InnoDB DEFAULT CHARSET=utf8mb4 COLLATE=utf8mb4_unicode_ci;
/*!40101 SET character_set_client = @saved_cs_client */;

--
-- Dumping data for table `settings`
--

LOCK TABLES `settings` WRITE;
/*!40000 ALTER TABLE `settings` DISABLE KEYS */;
/*!40000 ALTER TABLE `settings` ENABLE KEYS */;
UNLOCK TABLES;

--
-- Table structure for table `tags`
--

DROP TABLE IF EXISTS `tags`;
/*!40101 SET @saved_cs_client     = @@character_set_client */;
/*!50503 SET character_set_client = utf8mb4 */;
CREATE TABLE `tags` (
  `id` bigint unsigned NOT NULL AUTO_INCREMENT,
  `name` varchar(255) COLLATE utf8mb4_unicode_ci DEFAULT NULL,
  `slug` varchar(255) COLLATE utf8mb4_unicode_ci DEFAULT NULL,
  `status` varchar(255) COLLATE utf8mb4_unicode_ci DEFAULT NULL,
  `created_at` timestamp NULL DEFAULT NULL,
  `updated_at` timestamp NULL DEFAULT NULL,
  `deleted_at` timestamp NULL DEFAULT NULL,
  PRIMARY KEY (`id`)
) ENGINE=InnoDB AUTO_INCREMENT=6 DEFAULT CHARSET=utf8mb4 COLLATE=utf8mb4_unicode_ci;
/*!40101 SET character_set_client = @saved_cs_client */;

--
-- Dumping data for table `tags`
--

LOCK TABLES `tags` WRITE;
/*!40000 ALTER TABLE `tags` DISABLE KEYS */;
INSERT INTO `tags` VALUES (1,'Ms. Bonita Moen V','omnis-placeat-pariatur-alias-ducimus-iure-corporis','aliquid','2023-04-29 12:11:26','2023-04-29 12:11:26',NULL),(2,'Laila Block','sit-neque-distinctio-dolore','saepe','2023-04-29 12:11:26','2023-04-29 12:11:26',NULL),(3,'Austen Mohr','dolorem-ad-necessitatibus-error-mollitia-nesciunt-iste','quibusdam','2023-04-29 12:11:26','2023-04-29 12:11:26',NULL),(4,'Donald Ebert DVM','eos-qui-illo-odio-et','cupiditate','2023-04-29 12:11:26','2023-04-29 12:11:26',NULL),(5,'Angela Fahey','sed-reprehenderit-consequatur-odit-nesciunt-sequi-sed','sed','2023-04-29 12:11:26','2023-04-29 12:11:26',NULL);
/*!40000 ALTER TABLE `tags` ENABLE KEYS */;
UNLOCK TABLES;

--
-- Table structure for table `testimonials`
--

DROP TABLE IF EXISTS `testimonials`;
/*!40101 SET @saved_cs_client     = @@character_set_client */;
/*!50503 SET character_set_client = utf8mb4 */;
CREATE TABLE `testimonials` (
  `id` bigint unsigned NOT NULL AUTO_INCREMENT,
  `name` varchar(255) COLLATE utf8mb4_unicode_ci NOT NULL,
  `title` varchar(255) COLLATE utf8mb4_unicode_ci DEFAULT NULL,
  `message` longtext COLLATE utf8mb4_unicode_ci NOT NULL,
  `created_at` timestamp NULL DEFAULT NULL,
  `updated_at` timestamp NULL DEFAULT NULL,
  `deleted_at` timestamp NULL DEFAULT NULL,
  PRIMARY KEY (`id`)
) ENGINE=InnoDB AUTO_INCREMENT=13 DEFAULT CHARSET=utf8mb4 COLLATE=utf8mb4_unicode_ci;
/*!40101 SET character_set_client = @saved_cs_client */;

--
-- Dumping data for table `testimonials`
--

LOCK TABLES `testimonials` WRITE;
/*!40000 ALTER TABLE `testimonials` DISABLE KEYS */;
INSERT INTO `testimonials` VALUES (1,'Dolly Harvey','natus','velit','2023-04-29 12:12:25','2023-04-29 12:12:25',NULL),(2,'Raphaelle Parker','quas','laudantium','2023-04-29 12:12:25','2023-04-29 12:12:25',NULL),(3,'Dr. Antwon Corkery','laborum','dicta','2023-04-29 12:12:25','2023-04-29 12:12:25',NULL),(4,'Darwin Gorczany','cupiditate','nihil','2023-04-29 12:12:25','2023-04-29 12:12:25',NULL),(5,'Morris Wunsch','natus','et','2023-04-29 12:12:25','2023-04-29 12:12:25',NULL),(6,'Dr. Marty Klocko','ex','et','2023-04-29 12:12:25','2023-04-29 12:12:25',NULL),(7,'Dorothea Sawayn','atque','et','2023-04-29 12:12:25','2023-04-29 12:12:25',NULL),(8,'Miss Marlene Bogan','sit','molestiae','2023-04-29 12:12:25','2023-04-29 12:12:25',NULL),(9,'Dr. Marcelo Hintz','eos','quibusdam','2023-04-29 12:12:25','2023-04-29 12:12:25',NULL),(10,'Jadyn Nicolas','dolores','unde','2023-04-29 12:12:25','2023-04-29 12:12:25',NULL),(11,'Rebecca Zulauf V','esse','possimus','2023-04-29 12:12:25','2023-04-29 12:12:25',NULL),(12,'Mr. Angel Jerde','labore','voluptatem','2023-04-29 12:12:25','2023-04-29 12:12:25',NULL);
/*!40000 ALTER TABLE `testimonials` ENABLE KEYS */;
UNLOCK TABLES;

--
-- Table structure for table `users`
--

DROP TABLE IF EXISTS `users`;
/*!40101 SET @saved_cs_client     = @@character_set_client */;
/*!50503 SET character_set_client = utf8mb4 */;
CREATE TABLE `users` (
  `id` bigint unsigned NOT NULL AUTO_INCREMENT,
  `name` varchar(255) COLLATE utf8mb4_unicode_ci NOT NULL,
  `email` varchar(255) COLLATE utf8mb4_unicode_ci NOT NULL,
  `email_verified_at` datetime DEFAULT NULL,
  `password` varchar(255) COLLATE utf8mb4_unicode_ci NOT NULL,
  `remember_token` varchar(255) COLLATE utf8mb4_unicode_ci DEFAULT NULL,
  `created_at` timestamp NULL DEFAULT NULL,
  `updated_at` timestamp NULL DEFAULT NULL,
  `deleted_at` timestamp NULL DEFAULT NULL,
  PRIMARY KEY (`id`),
  UNIQUE KEY `users_email_unique` (`email`)
) ENGINE=InnoDB AUTO_INCREMENT=212 DEFAULT CHARSET=utf8mb4 COLLATE=utf8mb4_unicode_ci;
/*!40101 SET character_set_client = @saved_cs_client */;

--
-- Dumping data for table `users`
--

LOCK TABLES `users` WRITE;
/*!40000 ALTER TABLE `users` DISABLE KEYS */;
INSERT INTO `users` VALUES (1,'Admin','admin@admin.com',NULL,'$2y$10$vmRQNy7LiLaMbRYnxFCIOOHKbU347P3KtuFrF2SvnOHGM2capT8ty',NULL,NULL,NULL,NULL),(2,'Prof. Flavie Hane','nikko.bailey@example.com','2023-04-29 14:11:24','$2y$10$92IXUNpkjO0rOQ5byMi.Ye4oKoEa3Ro9llC/.og/at2.uheWG/igi','7qtPPNAVlA','2023-04-29 12:11:24','2023-04-29 12:11:24',NULL),(3,'Kristy Reichel','aurelia.bartell@example.org','2023-04-29 14:11:24','$2y$10$92IXUNpkjO0rOQ5byMi.Ye4oKoEa3Ro9llC/.og/at2.uheWG/igi','iJ6peXyBVP','2023-04-29 12:11:24','2023-04-29 12:11:24',NULL),(4,'Mr. Cole Hills I','rhowell@example.com','2023-04-29 14:11:24','$2y$10$92IXUNpkjO0rOQ5byMi.Ye4oKoEa3Ro9llC/.og/at2.uheWG/igi','SdCP5wOHpa','2023-04-29 12:11:24','2023-04-29 12:11:24',NULL),(5,'Georgiana Koelpin','bkrajcik@example.net','2023-04-29 14:11:24','$2y$10$92IXUNpkjO0rOQ5byMi.Ye4oKoEa3Ro9llC/.og/at2.uheWG/igi','0GT05Py8Fh','2023-04-29 12:11:25','2023-04-29 12:11:25',NULL),(6,'Ignacio Gottlieb','theron.gottlieb@example.net','2023-04-29 14:11:24','$2y$10$92IXUNpkjO0rOQ5byMi.Ye4oKoEa3Ro9llC/.og/at2.uheWG/igi','exDiORuUdC','2023-04-29 12:11:25','2023-04-29 12:11:25',NULL),(7,'Dr. Rickey Blanda MD','uheathcote@example.com','2023-04-29 14:11:24','$2y$10$92IXUNpkjO0rOQ5byMi.Ye4oKoEa3Ro9llC/.og/at2.uheWG/igi','LSqQeTyc85','2023-04-29 12:11:25','2023-04-29 12:11:25',NULL),(8,'Tiana O\'Kon MD','satterfield.heath@example.net','2023-04-29 14:11:24','$2y$10$92IXUNpkjO0rOQ5byMi.Ye4oKoEa3Ro9llC/.og/at2.uheWG/igi','pW0uoBM524','2023-04-29 12:11:25','2023-04-29 12:11:25',NULL),(9,'Wiley Gleichner IV','armand.hartmann@example.org','2023-04-29 14:11:24','$2y$10$92IXUNpkjO0rOQ5byMi.Ye4oKoEa3Ro9llC/.og/at2.uheWG/igi','44x0UsrTCI','2023-04-29 12:11:25','2023-04-29 12:11:25',NULL),(10,'Hubert Rempel','fred26@example.org','2023-04-29 14:11:24','$2y$10$92IXUNpkjO0rOQ5byMi.Ye4oKoEa3Ro9llC/.og/at2.uheWG/igi','WxvaKfZ0VM','2023-04-29 12:11:26','2023-04-29 12:11:26',NULL),(11,'Dr. Rosemarie Lakin V','shawna83@example.com','2023-04-29 14:11:24','$2y$10$92IXUNpkjO0rOQ5byMi.Ye4oKoEa3Ro9llC/.og/at2.uheWG/igi','SnUxqG2YBM','2023-04-29 12:11:26','2023-04-29 12:11:26',NULL),(12,'Pearlie Dicki','abernathy.clay@example.org','2023-04-29 14:11:27','$2y$10$92IXUNpkjO0rOQ5byMi.Ye4oKoEa3Ro9llC/.og/at2.uheWG/igi','pz8h83HsiS','2023-04-29 12:11:27','2023-04-29 12:11:27',NULL),(13,'Prof. Marilyne Upton','becker.jillian@example.org','2023-04-29 14:11:27','$2y$10$92IXUNpkjO0rOQ5byMi.Ye4oKoEa3Ro9llC/.og/at2.uheWG/igi','JO71PqULZh','2023-04-29 12:11:27','2023-04-29 12:11:27',NULL),(14,'Mervin Armstrong V','pnikolaus@example.org','2023-04-29 14:11:27','$2y$10$92IXUNpkjO0rOQ5byMi.Ye4oKoEa3Ro9llC/.og/at2.uheWG/igi','a9IC20NRiQ','2023-04-29 12:11:27','2023-04-29 12:11:27',NULL),(15,'Raoul Bruen','cicero.mckenzie@example.net','2023-04-29 14:11:28','$2y$10$92IXUNpkjO0rOQ5byMi.Ye4oKoEa3Ro9llC/.og/at2.uheWG/igi','ygqeRMbWYJ','2023-04-29 12:11:28','2023-04-29 12:11:28',NULL),(16,'Kaylin Willms','shanahan.lamont@example.org','2023-04-29 14:11:28','$2y$10$92IXUNpkjO0rOQ5byMi.Ye4oKoEa3Ro9llC/.og/at2.uheWG/igi','1h7jT3KBY0','2023-04-29 12:11:28','2023-04-29 12:11:28',NULL),(17,'Vidal Treutel DDS','quigley.river@example.com','2023-04-29 14:11:28','$2y$10$92IXUNpkjO0rOQ5byMi.Ye4oKoEa3Ro9llC/.og/at2.uheWG/igi','LPjFlHg0wz','2023-04-29 12:11:28','2023-04-29 12:11:28',NULL),(18,'Joe Erdman','kaden.daniel@example.net','2023-04-29 14:11:28','$2y$10$92IXUNpkjO0rOQ5byMi.Ye4oKoEa3Ro9llC/.og/at2.uheWG/igi','oBuupaP0mz','2023-04-29 12:11:28','2023-04-29 12:11:28',NULL),(19,'Annetta Carter','pkautzer@example.com','2023-04-29 14:11:28','$2y$10$92IXUNpkjO0rOQ5byMi.Ye4oKoEa3Ro9llC/.og/at2.uheWG/igi','hBLjH8xHb2','2023-04-29 12:11:28','2023-04-29 12:11:28',NULL),(20,'Alexanne Grimes','joaquin.hartmann@example.com','2023-04-29 14:11:28','$2y$10$92IXUNpkjO0rOQ5byMi.Ye4oKoEa3Ro9llC/.og/at2.uheWG/igi','2C2GsEDUvp','2023-04-29 12:11:28','2023-04-29 12:11:28',NULL),(21,'Prof. Scot Anderson V','vincenza.bode@example.com','2023-04-29 14:11:28','$2y$10$92IXUNpkjO0rOQ5byMi.Ye4oKoEa3Ro9llC/.og/at2.uheWG/igi','BORoTki1HG','2023-04-29 12:11:28','2023-04-29 12:11:28',NULL),(22,'Devan Block III','tyra74@example.org','2023-04-29 14:11:28','$2y$10$92IXUNpkjO0rOQ5byMi.Ye4oKoEa3Ro9llC/.og/at2.uheWG/igi','vxwkDyw7m3','2023-04-29 12:11:28','2023-04-29 12:11:28',NULL),(23,'Creola Emmerich','griffin85@example.com','2023-04-29 14:11:28','$2y$10$92IXUNpkjO0rOQ5byMi.Ye4oKoEa3Ro9llC/.og/at2.uheWG/igi','e2oVHBRwFO','2023-04-29 12:11:28','2023-04-29 12:11:28',NULL),(24,'Miss Lue Wisoky','mayra.bins@example.com','2023-04-29 14:11:29','$2y$10$92IXUNpkjO0rOQ5byMi.Ye4oKoEa3Ro9llC/.og/at2.uheWG/igi','fjTRZp61qn','2023-04-29 12:11:29','2023-04-29 12:11:29',NULL),(25,'Arjun Will','estella02@example.org','2023-04-29 14:11:29','$2y$10$92IXUNpkjO0rOQ5byMi.Ye4oKoEa3Ro9llC/.og/at2.uheWG/igi','uApqJQTeOF','2023-04-29 12:11:29','2023-04-29 12:11:29',NULL),(26,'Eulalia Funk','brionna54@example.org','2023-04-29 14:11:29','$2y$10$92IXUNpkjO0rOQ5byMi.Ye4oKoEa3Ro9llC/.og/at2.uheWG/igi','KrSErSf7pq','2023-04-29 12:11:29','2023-04-29 12:11:29',NULL),(27,'Casey Gutkowski II','jones.frieda@example.net','2023-04-29 14:11:29','$2y$10$92IXUNpkjO0rOQ5byMi.Ye4oKoEa3Ro9llC/.og/at2.uheWG/igi','PwZJklZ0PL','2023-04-29 12:11:29','2023-04-29 12:11:29',NULL),(28,'Prof. Jalon Wyman DVM','mohr.santos@example.com','2023-04-29 14:11:29','$2y$10$92IXUNpkjO0rOQ5byMi.Ye4oKoEa3Ro9llC/.og/at2.uheWG/igi','gaKWhUlscu','2023-04-29 12:11:29','2023-04-29 12:11:29',NULL),(29,'Sophia Wolf','bryce04@example.org','2023-04-29 14:11:29','$2y$10$92IXUNpkjO0rOQ5byMi.Ye4oKoEa3Ro9llC/.og/at2.uheWG/igi','sWhjYLMbQu','2023-04-29 12:11:29','2023-04-29 12:11:29',NULL),(30,'Prof. Miguel Nitzsche','leopold.cormier@example.net','2023-04-29 14:11:29','$2y$10$92IXUNpkjO0rOQ5byMi.Ye4oKoEa3Ro9llC/.og/at2.uheWG/igi','YXwrRGhUCz','2023-04-29 12:11:29','2023-04-29 12:11:29',NULL),(31,'Prof. Evans Langosh','norberto79@example.com','2023-04-29 14:11:30','$2y$10$92IXUNpkjO0rOQ5byMi.Ye4oKoEa3Ro9llC/.og/at2.uheWG/igi','1zfFeQQD9d','2023-04-29 12:11:30','2023-04-29 12:11:30',NULL),(32,'Shania Schneider','nkemmer@example.net','2023-04-29 14:11:30','$2y$10$92IXUNpkjO0rOQ5byMi.Ye4oKoEa3Ro9llC/.og/at2.uheWG/igi','FD899nn0MM','2023-04-29 12:11:30','2023-04-29 12:11:30',NULL),(33,'Erich Brown','loyce.denesik@example.net','2023-04-29 14:11:30','$2y$10$92IXUNpkjO0rOQ5byMi.Ye4oKoEa3Ro9llC/.og/at2.uheWG/igi','HT99GjP9sr','2023-04-29 12:11:30','2023-04-29 12:11:30',NULL),(34,'Dr. Jarrod Gutmann Jr.','gennaro38@example.org','2023-04-29 14:11:30','$2y$10$92IXUNpkjO0rOQ5byMi.Ye4oKoEa3Ro9llC/.og/at2.uheWG/igi','SEiBxiTxcs','2023-04-29 12:11:30','2023-04-29 12:11:30',NULL),(35,'Reyna Jerde','irma04@example.org','2023-04-29 14:11:30','$2y$10$92IXUNpkjO0rOQ5byMi.Ye4oKoEa3Ro9llC/.og/at2.uheWG/igi','nYWpIN7aJ8','2023-04-29 12:11:30','2023-04-29 12:11:30',NULL),(36,'Adelle Swift','obartoletti@example.com','2023-04-29 14:11:30','$2y$10$92IXUNpkjO0rOQ5byMi.Ye4oKoEa3Ro9llC/.og/at2.uheWG/igi','SqzCwfWWWg','2023-04-29 12:11:30','2023-04-29 12:11:30',NULL),(37,'Jaclyn Gerhold','claude.carter@example.com','2023-04-29 14:11:30','$2y$10$92IXUNpkjO0rOQ5byMi.Ye4oKoEa3Ro9llC/.og/at2.uheWG/igi','S2tKDHd4y4','2023-04-29 12:11:30','2023-04-29 12:11:30',NULL),(38,'Antoinette Beatty','camila.abernathy@example.com','2023-04-29 14:11:30','$2y$10$92IXUNpkjO0rOQ5byMi.Ye4oKoEa3Ro9llC/.og/at2.uheWG/igi','HwjW0IJQqk','2023-04-29 12:11:30','2023-04-29 12:11:30',NULL),(39,'Yasmeen Pouros','jaleel61@example.com','2023-04-29 14:11:31','$2y$10$92IXUNpkjO0rOQ5byMi.Ye4oKoEa3Ro9llC/.og/at2.uheWG/igi','dQWkBVahoz','2023-04-29 12:11:31','2023-04-29 12:11:31',NULL),(40,'Miss Retha Gislason','littel.queen@example.net','2023-04-29 14:11:31','$2y$10$92IXUNpkjO0rOQ5byMi.Ye4oKoEa3Ro9llC/.og/at2.uheWG/igi','wXXJNOCnRG','2023-04-29 12:11:31','2023-04-29 12:11:31',NULL),(41,'Dr. Joaquin Hansen','brown.vallie@example.net','2023-04-29 14:11:31','$2y$10$92IXUNpkjO0rOQ5byMi.Ye4oKoEa3Ro9llC/.og/at2.uheWG/igi','tx95JWRjXj','2023-04-29 12:11:31','2023-04-29 12:11:31',NULL),(42,'Flavie O\'Connell','gweissnat@example.org','2023-04-29 14:11:31','$2y$10$92IXUNpkjO0rOQ5byMi.Ye4oKoEa3Ro9llC/.og/at2.uheWG/igi','0Pp39ULWWg','2023-04-29 12:11:31','2023-04-29 12:11:31',NULL),(43,'Prof. Anahi Howell I','susan.reynolds@example.net','2023-04-29 14:11:31','$2y$10$92IXUNpkjO0rOQ5byMi.Ye4oKoEa3Ro9llC/.og/at2.uheWG/igi','7o2Cb2WSh9','2023-04-29 12:11:31','2023-04-29 12:11:31',NULL),(44,'Abner Jacobson','otis67@example.com','2023-04-29 14:11:31','$2y$10$92IXUNpkjO0rOQ5byMi.Ye4oKoEa3Ro9llC/.og/at2.uheWG/igi','tHJDxzvclE','2023-04-29 12:11:31','2023-04-29 12:11:31',NULL),(45,'Cristian Volkman','lmayert@example.net','2023-04-29 14:11:31','$2y$10$92IXUNpkjO0rOQ5byMi.Ye4oKoEa3Ro9llC/.og/at2.uheWG/igi','Oo6NlKOQGm','2023-04-29 12:11:31','2023-04-29 12:11:31',NULL),(46,'Germaine Legros','edamore@example.org','2023-04-29 14:11:32','$2y$10$92IXUNpkjO0rOQ5byMi.Ye4oKoEa3Ro9llC/.og/at2.uheWG/igi','wAjc4FYkOW','2023-04-29 12:11:32','2023-04-29 12:11:32',NULL),(47,'Prof. Delphia Sauer','klein.jon@example.com','2023-04-29 14:11:32','$2y$10$92IXUNpkjO0rOQ5byMi.Ye4oKoEa3Ro9llC/.og/at2.uheWG/igi','isLoKxjGVu','2023-04-29 12:11:32','2023-04-29 12:11:32',NULL),(48,'Elna Hills','weissnat.sarai@example.com','2023-04-29 14:11:32','$2y$10$92IXUNpkjO0rOQ5byMi.Ye4oKoEa3Ro9llC/.og/at2.uheWG/igi','1zh8xRb3V0','2023-04-29 12:11:32','2023-04-29 12:11:32',NULL),(49,'Maynard Bartoletti III','ezequiel61@example.com','2023-04-29 14:11:32','$2y$10$92IXUNpkjO0rOQ5byMi.Ye4oKoEa3Ro9llC/.og/at2.uheWG/igi','L08nGjPGDk','2023-04-29 12:11:32','2023-04-29 12:11:32',NULL),(50,'Kelly Kunde','corbin.hayes@example.net','2023-04-29 14:11:32','$2y$10$92IXUNpkjO0rOQ5byMi.Ye4oKoEa3Ro9llC/.og/at2.uheWG/igi','VEB0afbZl0','2023-04-29 12:11:32','2023-04-29 12:11:32',NULL),(51,'Jovany Kris','oleannon@example.org','2023-04-29 14:11:32','$2y$10$92IXUNpkjO0rOQ5byMi.Ye4oKoEa3Ro9llC/.og/at2.uheWG/igi','EwR3K8BW4q','2023-04-29 12:11:32','2023-04-29 12:11:32',NULL),(52,'Aubree Pacocha','sblock@example.org','2023-04-29 14:11:33','$2y$10$92IXUNpkjO0rOQ5byMi.Ye4oKoEa3Ro9llC/.og/at2.uheWG/igi','bfjaVNv9OW','2023-04-29 12:11:33','2023-04-29 12:11:33',NULL),(53,'Mr. Zachariah Dietrich','flossie91@example.com','2023-04-29 14:11:33','$2y$10$92IXUNpkjO0rOQ5byMi.Ye4oKoEa3Ro9llC/.og/at2.uheWG/igi','yBbNkbsLRd','2023-04-29 12:11:33','2023-04-29 12:11:33',NULL),(54,'Margaretta Keebler Sr.','jkonopelski@example.net','2023-04-29 14:11:33','$2y$10$92IXUNpkjO0rOQ5byMi.Ye4oKoEa3Ro9llC/.og/at2.uheWG/igi','UvnC3IxUFc','2023-04-29 12:11:33','2023-04-29 12:11:33',NULL),(55,'Francisca D\'Amore PhD','heaney.eugenia@example.org','2023-04-29 14:11:33','$2y$10$92IXUNpkjO0rOQ5byMi.Ye4oKoEa3Ro9llC/.og/at2.uheWG/igi','vtxvMda5aG','2023-04-29 12:11:33','2023-04-29 12:11:33',NULL),(56,'Lenora Yost','jerome.predovic@example.net','2023-04-29 14:11:33','$2y$10$92IXUNpkjO0rOQ5byMi.Ye4oKoEa3Ro9llC/.og/at2.uheWG/igi','GOmFrUm92Z','2023-04-29 12:11:33','2023-04-29 12:11:33',NULL),(57,'Prof. Sophie Mayert V','nhaag@example.com','2023-04-29 14:11:33','$2y$10$92IXUNpkjO0rOQ5byMi.Ye4oKoEa3Ro9llC/.og/at2.uheWG/igi','0fZUlmK36u','2023-04-29 12:11:33','2023-04-29 12:11:33',NULL),(58,'Ila Weber Sr.','abbigail.schmidt@example.org','2023-04-29 14:11:33','$2y$10$92IXUNpkjO0rOQ5byMi.Ye4oKoEa3Ro9llC/.og/at2.uheWG/igi','AOomx6aO20','2023-04-29 12:11:33','2023-04-29 12:11:33',NULL),(59,'Royce Wintheiser','emmerich.boris@example.net','2023-04-29 14:11:34','$2y$10$92IXUNpkjO0rOQ5byMi.Ye4oKoEa3Ro9llC/.og/at2.uheWG/igi','J5xe4pLyXG','2023-04-29 12:11:34','2023-04-29 12:11:34',NULL),(60,'Gregg Rolfson','eoconner@example.net','2023-04-29 14:11:34','$2y$10$92IXUNpkjO0rOQ5byMi.Ye4oKoEa3Ro9llC/.og/at2.uheWG/igi','oweu4MLwe0','2023-04-29 12:11:34','2023-04-29 12:11:34',NULL),(61,'Trever Emard III','penelope23@example.net','2023-04-29 14:11:34','$2y$10$92IXUNpkjO0rOQ5byMi.Ye4oKoEa3Ro9llC/.og/at2.uheWG/igi','0JzH701X0u','2023-04-29 12:11:34','2023-04-29 12:11:34',NULL),(62,'Regan Hermiston','dickinson.alba@example.net','2023-04-29 14:11:34','$2y$10$92IXUNpkjO0rOQ5byMi.Ye4oKoEa3Ro9llC/.og/at2.uheWG/igi','IpnkyLx23q','2023-04-29 12:11:34','2023-04-29 12:11:34',NULL),(63,'Miss Berniece Pfeffer','lorenz.rowe@example.org','2023-04-29 14:11:34','$2y$10$92IXUNpkjO0rOQ5byMi.Ye4oKoEa3Ro9llC/.og/at2.uheWG/igi','n6cc8yeXX8','2023-04-29 12:11:34','2023-04-29 12:11:34',NULL),(64,'Maxwell Crona','beier.edwardo@example.com','2023-04-29 14:11:34','$2y$10$92IXUNpkjO0rOQ5byMi.Ye4oKoEa3Ro9llC/.og/at2.uheWG/igi','Uq2jEKM1OV','2023-04-29 12:11:34','2023-04-29 12:11:34',NULL),(65,'Gladyce Bogan','marcus.hettinger@example.org','2023-04-29 14:11:34','$2y$10$92IXUNpkjO0rOQ5byMi.Ye4oKoEa3Ro9llC/.og/at2.uheWG/igi','CsSDQjCMsV','2023-04-29 12:11:34','2023-04-29 12:11:34',NULL),(66,'Howard Dicki','brett.kassulke@example.net','2023-04-29 14:11:34','$2y$10$92IXUNpkjO0rOQ5byMi.Ye4oKoEa3Ro9llC/.og/at2.uheWG/igi','imtivh66pj','2023-04-29 12:11:34','2023-04-29 12:11:34',NULL),(67,'Bret Jones V','edgardo.metz@example.net','2023-04-29 14:11:35','$2y$10$92IXUNpkjO0rOQ5byMi.Ye4oKoEa3Ro9llC/.og/at2.uheWG/igi','EAFs17dAKu','2023-04-29 12:11:35','2023-04-29 12:11:35',NULL),(68,'Miss Alisha Lubowitz','jade94@example.org','2023-04-29 14:11:35','$2y$10$92IXUNpkjO0rOQ5byMi.Ye4oKoEa3Ro9llC/.og/at2.uheWG/igi','FSivduCJoW','2023-04-29 12:11:35','2023-04-29 12:11:35',NULL),(69,'Eduardo Krajcik','gracie07@example.org','2023-04-29 14:11:35','$2y$10$92IXUNpkjO0rOQ5byMi.Ye4oKoEa3Ro9llC/.og/at2.uheWG/igi','ytHQ7n1gJv','2023-04-29 12:11:35','2023-04-29 12:11:35',NULL),(70,'Oran Cartwright','eleazar88@example.org','2023-04-29 14:11:35','$2y$10$92IXUNpkjO0rOQ5byMi.Ye4oKoEa3Ro9llC/.og/at2.uheWG/igi','CbumXaan7X','2023-04-29 12:11:35','2023-04-29 12:11:35',NULL),(71,'Forest Kreiger','evie86@example.org','2023-04-29 14:11:35','$2y$10$92IXUNpkjO0rOQ5byMi.Ye4oKoEa3Ro9llC/.og/at2.uheWG/igi','uVhN5e6SG4','2023-04-29 12:11:35','2023-04-29 12:11:35',NULL),(72,'Treva Huel','antone67@example.org','2023-04-29 14:11:35','$2y$10$92IXUNpkjO0rOQ5byMi.Ye4oKoEa3Ro9llC/.og/at2.uheWG/igi','x3X8wSzRGN','2023-04-29 12:11:35','2023-04-29 12:11:35',NULL),(73,'Dr. Adonis Barton I','mueller.leonor@example.net','2023-04-29 14:11:35','$2y$10$92IXUNpkjO0rOQ5byMi.Ye4oKoEa3Ro9llC/.og/at2.uheWG/igi','5binAq5RzL','2023-04-29 12:11:35','2023-04-29 12:11:35',NULL),(74,'Dr. Noemi Harvey Sr.','zgreen@example.net','2023-04-29 14:11:35','$2y$10$92IXUNpkjO0rOQ5byMi.Ye4oKoEa3Ro9llC/.og/at2.uheWG/igi','Xdec1xT4Yh','2023-04-29 12:11:35','2023-04-29 12:11:35',NULL),(75,'Ms. Madelyn Streich Jr.','bertrand36@example.org','2023-04-29 14:11:36','$2y$10$92IXUNpkjO0rOQ5byMi.Ye4oKoEa3Ro9llC/.og/at2.uheWG/igi','1PXGWz1aMY','2023-04-29 12:11:36','2023-04-29 12:11:36',NULL),(76,'Miss Loma Greenfelder','thurman.hills@example.org','2023-04-29 14:11:36','$2y$10$92IXUNpkjO0rOQ5byMi.Ye4oKoEa3Ro9llC/.og/at2.uheWG/igi','WBkp85vY2V','2023-04-29 12:11:36','2023-04-29 12:11:36',NULL),(77,'Krista Zieme','ismael.metz@example.org','2023-04-29 14:11:36','$2y$10$92IXUNpkjO0rOQ5byMi.Ye4oKoEa3Ro9llC/.og/at2.uheWG/igi','fNgTsBRjbA','2023-04-29 12:11:36','2023-04-29 12:11:36',NULL),(78,'Margaretta Hand','greta67@example.org','2023-04-29 14:11:36','$2y$10$92IXUNpkjO0rOQ5byMi.Ye4oKoEa3Ro9llC/.og/at2.uheWG/igi','9bvywMX8mJ','2023-04-29 12:11:36','2023-04-29 12:11:36',NULL),(79,'Lucy Koelpin II','alfred14@example.net','2023-04-29 14:11:36','$2y$10$92IXUNpkjO0rOQ5byMi.Ye4oKoEa3Ro9llC/.og/at2.uheWG/igi','pu9Mf8Clg3','2023-04-29 12:11:36','2023-04-29 12:11:36',NULL),(80,'Adolphus Kunze','jacobi.candida@example.net','2023-04-29 14:11:36','$2y$10$92IXUNpkjO0rOQ5byMi.Ye4oKoEa3Ro9llC/.og/at2.uheWG/igi','kuLOkksp2i','2023-04-29 12:11:36','2023-04-29 12:11:36',NULL),(81,'Mr. Chet Berge','donnell33@example.net','2023-04-29 14:11:36','$2y$10$92IXUNpkjO0rOQ5byMi.Ye4oKoEa3Ro9llC/.og/at2.uheWG/igi','xybdmkeiBF','2023-04-29 12:11:36','2023-04-29 12:11:36',NULL),(82,'Liza Stiedemann','hgutkowski@example.net','2023-04-29 14:11:36','$2y$10$92IXUNpkjO0rOQ5byMi.Ye4oKoEa3Ro9llC/.og/at2.uheWG/igi','3Dz7cRB4vX','2023-04-29 12:11:36','2023-04-29 12:11:36',NULL),(83,'Dr. Selena Conroy','beryl58@example.org','2023-04-29 14:11:37','$2y$10$92IXUNpkjO0rOQ5byMi.Ye4oKoEa3Ro9llC/.og/at2.uheWG/igi','5SQK0eU3gs','2023-04-29 12:11:37','2023-04-29 12:11:37',NULL),(84,'Prof. Pablo Hyatt Jr.','stacey70@example.com','2023-04-29 14:11:37','$2y$10$92IXUNpkjO0rOQ5byMi.Ye4oKoEa3Ro9llC/.og/at2.uheWG/igi','RkgVKSmNTR','2023-04-29 12:11:37','2023-04-29 12:11:37',NULL),(85,'Kianna Zboncak','oschinner@example.net','2023-04-29 14:11:37','$2y$10$92IXUNpkjO0rOQ5byMi.Ye4oKoEa3Ro9llC/.og/at2.uheWG/igi','ndMt3EFiOb','2023-04-29 12:11:37','2023-04-29 12:11:37',NULL),(86,'Etha Rath','sebastian26@example.org','2023-04-29 14:11:37','$2y$10$92IXUNpkjO0rOQ5byMi.Ye4oKoEa3Ro9llC/.og/at2.uheWG/igi','8NSyAkZuC3','2023-04-29 12:11:37','2023-04-29 12:11:37',NULL),(87,'Lois Schaefer','opal28@example.org','2023-04-29 14:11:37','$2y$10$92IXUNpkjO0rOQ5byMi.Ye4oKoEa3Ro9llC/.og/at2.uheWG/igi','YWBqQZTQaF','2023-04-29 12:11:37','2023-04-29 12:11:37',NULL),(88,'Dr. Quincy Kertzmann','mario13@example.org','2023-04-29 14:11:37','$2y$10$92IXUNpkjO0rOQ5byMi.Ye4oKoEa3Ro9llC/.og/at2.uheWG/igi','SQhGgP5fiy','2023-04-29 12:11:37','2023-04-29 12:11:37',NULL),(89,'Nash Mayer','rtorp@example.org','2023-04-29 14:11:37','$2y$10$92IXUNpkjO0rOQ5byMi.Ye4oKoEa3Ro9llC/.og/at2.uheWG/igi','5y6WvqGTv4','2023-04-29 12:11:37','2023-04-29 12:11:37',NULL),(90,'Prof. Isabella Bernhard','jhartmann@example.net','2023-04-29 14:11:38','$2y$10$92IXUNpkjO0rOQ5byMi.Ye4oKoEa3Ro9llC/.og/at2.uheWG/igi','eZqhuYUD01','2023-04-29 12:11:38','2023-04-29 12:11:38',NULL),(91,'Dr. Elnora Heller','aida45@example.com','2023-04-29 14:11:38','$2y$10$92IXUNpkjO0rOQ5byMi.Ye4oKoEa3Ro9llC/.og/at2.uheWG/igi','n58B6uqO2L','2023-04-29 12:11:38','2023-04-29 12:11:38',NULL),(92,'Salvatore Murazik','wiegand.oleta@example.net','2023-04-29 14:11:38','$2y$10$92IXUNpkjO0rOQ5byMi.Ye4oKoEa3Ro9llC/.og/at2.uheWG/igi','EwTOddtAz8','2023-04-29 12:11:38','2023-04-29 12:11:38',NULL),(93,'Ottis Price','pmorar@example.com','2023-04-29 14:11:38','$2y$10$92IXUNpkjO0rOQ5byMi.Ye4oKoEa3Ro9llC/.og/at2.uheWG/igi','Nn4Y80l6FW','2023-04-29 12:11:38','2023-04-29 12:11:38',NULL),(94,'Prof. Missouri Stanton','dcassin@example.com','2023-04-29 14:11:38','$2y$10$92IXUNpkjO0rOQ5byMi.Ye4oKoEa3Ro9llC/.og/at2.uheWG/igi','kJtpUw0wNl','2023-04-29 12:11:38','2023-04-29 12:11:38',NULL),(95,'Sallie Corkery','pfannerstill.hermann@example.org','2023-04-29 14:11:38','$2y$10$92IXUNpkjO0rOQ5byMi.Ye4oKoEa3Ro9llC/.og/at2.uheWG/igi','Q1OlXBLzfu','2023-04-29 12:11:38','2023-04-29 12:11:38',NULL),(96,'Prof. Ruthie Hahn','brisa.ondricka@example.org','2023-04-29 14:11:39','$2y$10$92IXUNpkjO0rOQ5byMi.Ye4oKoEa3Ro9llC/.og/at2.uheWG/igi','0gpU6i1ZF5','2023-04-29 12:11:39','2023-04-29 12:11:39',NULL),(97,'Kip Russel','rogahn.jadyn@example.net','2023-04-29 14:11:39','$2y$10$92IXUNpkjO0rOQ5byMi.Ye4oKoEa3Ro9llC/.og/at2.uheWG/igi','HTxFtNGKHt','2023-04-29 12:11:39','2023-04-29 12:11:39',NULL),(98,'Prof. Gussie Buckridge IV','herta12@example.org','2023-04-29 14:11:39','$2y$10$92IXUNpkjO0rOQ5byMi.Ye4oKoEa3Ro9llC/.og/at2.uheWG/igi','6zUPwSDjFO','2023-04-29 12:11:39','2023-04-29 12:11:39',NULL),(99,'Prof. Meggie Beahan PhD','qstanton@example.org','2023-04-29 14:11:39','$2y$10$92IXUNpkjO0rOQ5byMi.Ye4oKoEa3Ro9llC/.og/at2.uheWG/igi','Hgh1BpKD1w','2023-04-29 12:11:39','2023-04-29 12:11:39',NULL),(100,'Chauncey Witting','grimes.sydney@example.com','2023-04-29 14:11:39','$2y$10$92IXUNpkjO0rOQ5byMi.Ye4oKoEa3Ro9llC/.og/at2.uheWG/igi','ci7t2D4jKJ','2023-04-29 12:11:39','2023-04-29 12:11:39',NULL),(101,'Dr. Jaquan Lockman','ehegmann@example.org','2023-04-29 14:11:39','$2y$10$92IXUNpkjO0rOQ5byMi.Ye4oKoEa3Ro9llC/.og/at2.uheWG/igi','9mubYigRwf','2023-04-29 12:11:39','2023-04-29 12:11:39',NULL),(102,'Gertrude Kuhic','jreilly@example.com','2023-04-29 14:11:40','$2y$10$92IXUNpkjO0rOQ5byMi.Ye4oKoEa3Ro9llC/.og/at2.uheWG/igi','yBuljU1jJQ','2023-04-29 12:11:40','2023-04-29 12:11:40',NULL),(103,'Addie Will DVM','egrant@example.com','2023-04-29 14:11:40','$2y$10$92IXUNpkjO0rOQ5byMi.Ye4oKoEa3Ro9llC/.og/at2.uheWG/igi','Peo611jD4l','2023-04-29 12:11:40','2023-04-29 12:11:40',NULL),(104,'Bradley Quitzon','marcelino.metz@example.com','2023-04-29 14:11:40','$2y$10$92IXUNpkjO0rOQ5byMi.Ye4oKoEa3Ro9llC/.og/at2.uheWG/igi','Kz7T4C0hpF','2023-04-29 12:11:40','2023-04-29 12:11:40',NULL),(105,'Eliezer Bashirian','sammie.bergstrom@example.net','2023-04-29 14:11:40','$2y$10$92IXUNpkjO0rOQ5byMi.Ye4oKoEa3Ro9llC/.og/at2.uheWG/igi','T7RqRa8Lp5','2023-04-29 12:11:40','2023-04-29 12:11:40',NULL),(106,'Cassandra Hessel','sanford.estefania@example.com','2023-04-29 14:11:40','$2y$10$92IXUNpkjO0rOQ5byMi.Ye4oKoEa3Ro9llC/.og/at2.uheWG/igi','O8bK1oQ3Ki','2023-04-29 12:11:40','2023-04-29 12:11:40',NULL),(107,'Hettie Armstrong','fwaelchi@example.net','2023-04-29 14:11:40','$2y$10$92IXUNpkjO0rOQ5byMi.Ye4oKoEa3Ro9llC/.og/at2.uheWG/igi','JUd1bJodfe','2023-04-29 12:11:40','2023-04-29 12:11:40',NULL),(108,'Ila Mills','reynolds.jevon@example.com','2023-04-29 14:11:40','$2y$10$92IXUNpkjO0rOQ5byMi.Ye4oKoEa3Ro9llC/.og/at2.uheWG/igi','g0D49i63q3','2023-04-29 12:11:40','2023-04-29 12:11:40',NULL),(109,'Makenzie Kovacek','terrill.blanda@example.org','2023-04-29 14:11:41','$2y$10$92IXUNpkjO0rOQ5byMi.Ye4oKoEa3Ro9llC/.og/at2.uheWG/igi','bnlbPPGdfR','2023-04-29 12:11:41','2023-04-29 12:11:41',NULL),(110,'Mr. Zackary McLaughlin DDS','jermey71@example.net','2023-04-29 14:11:41','$2y$10$92IXUNpkjO0rOQ5byMi.Ye4oKoEa3Ro9llC/.og/at2.uheWG/igi','80JtWZyxse','2023-04-29 12:11:41','2023-04-29 12:11:41',NULL),(111,'Ms. Shea Williamson','wwindler@example.net','2023-04-29 14:11:41','$2y$10$92IXUNpkjO0rOQ5byMi.Ye4oKoEa3Ro9llC/.og/at2.uheWG/igi','JekorgEBxO','2023-04-29 12:11:41','2023-04-29 12:11:41',NULL),(112,'Dr. Randal Ernser','rreynolds@example.com','2023-04-29 14:11:41','$2y$10$92IXUNpkjO0rOQ5byMi.Ye4oKoEa3Ro9llC/.og/at2.uheWG/igi','bPfjGulKoV','2023-04-29 12:11:41','2023-04-29 12:11:41',NULL),(113,'Giovani Stracke I','damon.spencer@example.com','2023-04-29 14:11:41','$2y$10$92IXUNpkjO0rOQ5byMi.Ye4oKoEa3Ro9llC/.og/at2.uheWG/igi','2gX1PYkoIC','2023-04-29 12:11:41','2023-04-29 12:11:41',NULL),(114,'Carmel VonRueden','hfritsch@example.net','2023-04-29 14:11:41','$2y$10$92IXUNpkjO0rOQ5byMi.Ye4oKoEa3Ro9llC/.og/at2.uheWG/igi','yd98bhu2SS','2023-04-29 12:11:41','2023-04-29 12:11:41',NULL),(115,'Thalia Mayert','padberg.zion@example.net','2023-04-29 14:11:41','$2y$10$92IXUNpkjO0rOQ5byMi.Ye4oKoEa3Ro9llC/.og/at2.uheWG/igi','8mom3ZEl0O','2023-04-29 12:11:41','2023-04-29 12:11:41',NULL),(116,'Mrs. Malvina Anderson','glover.antoinette@example.net','2023-04-29 14:11:42','$2y$10$92IXUNpkjO0rOQ5byMi.Ye4oKoEa3Ro9llC/.og/at2.uheWG/igi','1aSyOPqTdp','2023-04-29 12:11:42','2023-04-29 12:11:42',NULL),(117,'Chaz Weimann MD','fadel.roderick@example.com','2023-04-29 14:11:42','$2y$10$92IXUNpkjO0rOQ5byMi.Ye4oKoEa3Ro9llC/.og/at2.uheWG/igi','7FRNSD0GEv','2023-04-29 12:11:42','2023-04-29 12:11:42',NULL),(118,'Alexanne Doyle','kenyatta56@example.com','2023-04-29 14:11:42','$2y$10$92IXUNpkjO0rOQ5byMi.Ye4oKoEa3Ro9llC/.og/at2.uheWG/igi','JjeJwJNeQn','2023-04-29 12:11:42','2023-04-29 12:11:42',NULL),(119,'Kaycee Larson','will.willie@example.com','2023-04-29 14:11:42','$2y$10$92IXUNpkjO0rOQ5byMi.Ye4oKoEa3Ro9llC/.og/at2.uheWG/igi','IKyIjF2sUo','2023-04-29 12:11:42','2023-04-29 12:11:42',NULL),(120,'Dawn Brekke','thad52@example.com','2023-04-29 14:11:42','$2y$10$92IXUNpkjO0rOQ5byMi.Ye4oKoEa3Ro9llC/.og/at2.uheWG/igi','ALwDPXJTfw','2023-04-29 12:11:42','2023-04-29 12:11:42',NULL),(121,'Richard Witting','tstrosin@example.com','2023-04-29 14:11:42','$2y$10$92IXUNpkjO0rOQ5byMi.Ye4oKoEa3Ro9llC/.og/at2.uheWG/igi','vJXcqlXaJV','2023-04-29 12:11:42','2023-04-29 12:11:42',NULL),(122,'Mrs. Karine Kulas Sr.','mortiz@example.org','2023-04-29 14:11:42','$2y$10$92IXUNpkjO0rOQ5byMi.Ye4oKoEa3Ro9llC/.og/at2.uheWG/igi','gUyuTeq5SN','2023-04-29 12:11:42','2023-04-29 12:11:42',NULL),(123,'Urban Schmidt','keira.moen@example.com','2023-04-29 14:11:42','$2y$10$92IXUNpkjO0rOQ5byMi.Ye4oKoEa3Ro9llC/.og/at2.uheWG/igi','UooxIdsIKY','2023-04-29 12:11:42','2023-04-29 12:11:42',NULL),(124,'Ron Harber','orn.herminio@example.net','2023-04-29 14:11:43','$2y$10$92IXUNpkjO0rOQ5byMi.Ye4oKoEa3Ro9llC/.og/at2.uheWG/igi','dypUY3dHza','2023-04-29 12:11:43','2023-04-29 12:11:43',NULL),(125,'Brielle Heller','bhermann@example.org','2023-04-29 14:11:43','$2y$10$92IXUNpkjO0rOQ5byMi.Ye4oKoEa3Ro9llC/.og/at2.uheWG/igi','PlpIo6IZvC','2023-04-29 12:11:43','2023-04-29 12:11:43',NULL),(126,'Ms. Cheyenne Ziemann Jr.','xraynor@example.org','2023-04-29 14:11:43','$2y$10$92IXUNpkjO0rOQ5byMi.Ye4oKoEa3Ro9llC/.og/at2.uheWG/igi','kKirMADIp5','2023-04-29 12:11:43','2023-04-29 12:11:43',NULL),(127,'Vernon Marvin','ohara.keaton@example.net','2023-04-29 14:11:43','$2y$10$92IXUNpkjO0rOQ5byMi.Ye4oKoEa3Ro9llC/.og/at2.uheWG/igi','FplR90hHUu','2023-04-29 12:11:43','2023-04-29 12:11:43',NULL),(128,'Carleton Jacobson PhD','fparisian@example.net','2023-04-29 14:11:43','$2y$10$92IXUNpkjO0rOQ5byMi.Ye4oKoEa3Ro9llC/.og/at2.uheWG/igi','e6AGytxdN1','2023-04-29 12:11:43','2023-04-29 12:11:43',NULL),(129,'Mrs. Loraine Sawayn','freilly@example.org','2023-04-29 14:11:43','$2y$10$92IXUNpkjO0rOQ5byMi.Ye4oKoEa3Ro9llC/.og/at2.uheWG/igi','ytE6D5LOtV','2023-04-29 12:11:43','2023-04-29 12:11:43',NULL),(130,'Dr. Lorenzo Connelly I','bethel.mcclure@example.org','2023-04-29 14:11:43','$2y$10$92IXUNpkjO0rOQ5byMi.Ye4oKoEa3Ro9llC/.og/at2.uheWG/igi','JBtWfYunql','2023-04-29 12:11:43','2023-04-29 12:11:43',NULL),(131,'Rod Bailey','mgislason@example.org','2023-04-29 14:11:43','$2y$10$92IXUNpkjO0rOQ5byMi.Ye4oKoEa3Ro9llC/.og/at2.uheWG/igi','EEVrTAJbWb','2023-04-29 12:11:43','2023-04-29 12:11:43',NULL),(132,'Darryl Schinner','verlie43@example.com','2023-04-29 14:11:44','$2y$10$92IXUNpkjO0rOQ5byMi.Ye4oKoEa3Ro9llC/.og/at2.uheWG/igi','B8bipPfmW1','2023-04-29 12:11:44','2023-04-29 12:11:44',NULL),(133,'Nedra Leuschke','candice34@example.com','2023-04-29 14:11:44','$2y$10$92IXUNpkjO0rOQ5byMi.Ye4oKoEa3Ro9llC/.og/at2.uheWG/igi','mPbsGbyLo7','2023-04-29 12:11:44','2023-04-29 12:11:44',NULL),(134,'Leann Balistreri','reinger.marianne@example.net','2023-04-29 14:11:44','$2y$10$92IXUNpkjO0rOQ5byMi.Ye4oKoEa3Ro9llC/.og/at2.uheWG/igi','7ueoEV0h2d','2023-04-29 12:11:44','2023-04-29 12:11:44',NULL),(135,'Major Hoppe','oebert@example.net','2023-04-29 14:11:44','$2y$10$92IXUNpkjO0rOQ5byMi.Ye4oKoEa3Ro9llC/.og/at2.uheWG/igi','MRxdX1X5iT','2023-04-29 12:11:44','2023-04-29 12:11:44',NULL),(136,'Mr. Wilfred Russel','providenci.wilkinson@example.com','2023-04-29 14:11:44','$2y$10$92IXUNpkjO0rOQ5byMi.Ye4oKoEa3Ro9llC/.og/at2.uheWG/igi','vxbxsdQ7bk','2023-04-29 12:11:44','2023-04-29 12:11:44',NULL),(137,'Timothy Ullrich DVM','armand94@example.net','2023-04-29 14:11:44','$2y$10$92IXUNpkjO0rOQ5byMi.Ye4oKoEa3Ro9llC/.og/at2.uheWG/igi','oLoWyTZXKd','2023-04-29 12:11:44','2023-04-29 12:11:44',NULL),(138,'Dr. Andre Haag','paxton.franecki@example.com','2023-04-29 14:11:44','$2y$10$92IXUNpkjO0rOQ5byMi.Ye4oKoEa3Ro9llC/.og/at2.uheWG/igi','eSwVeRxLwB','2023-04-29 12:11:44','2023-04-29 12:11:44',NULL),(139,'Monty Koepp','coleman04@example.net','2023-04-29 14:11:44','$2y$10$92IXUNpkjO0rOQ5byMi.Ye4oKoEa3Ro9llC/.og/at2.uheWG/igi','LrzAtaE0U5','2023-04-29 12:11:44','2023-04-29 12:11:44',NULL),(140,'Patsy Lesch','michale56@example.net','2023-04-29 14:11:44','$2y$10$92IXUNpkjO0rOQ5byMi.Ye4oKoEa3Ro9llC/.og/at2.uheWG/igi','6hh4nIL95I','2023-04-29 12:11:44','2023-04-29 12:11:44',NULL),(141,'Dario Ledner','lindgren.myrtice@example.net','2023-04-29 14:11:45','$2y$10$92IXUNpkjO0rOQ5byMi.Ye4oKoEa3Ro9llC/.og/at2.uheWG/igi','uCNpLyrGgo','2023-04-29 12:11:45','2023-04-29 12:11:45',NULL),(142,'Laney Lubowitz','ardith.cormier@example.org','2023-04-29 14:11:45','$2y$10$92IXUNpkjO0rOQ5byMi.Ye4oKoEa3Ro9llC/.og/at2.uheWG/igi','38GQBU53Cm','2023-04-29 12:11:45','2023-04-29 12:11:45',NULL),(143,'Moises O\'Conner','cristian25@example.net','2023-04-29 14:11:45','$2y$10$92IXUNpkjO0rOQ5byMi.Ye4oKoEa3Ro9llC/.og/at2.uheWG/igi','wYbQiwOeBF','2023-04-29 12:11:45','2023-04-29 12:11:45',NULL),(144,'Gia Yundt','domingo.upton@example.net','2023-04-29 14:11:45','$2y$10$92IXUNpkjO0rOQ5byMi.Ye4oKoEa3Ro9llC/.og/at2.uheWG/igi','iEB9d5qYi9','2023-04-29 12:11:45','2023-04-29 12:11:45',NULL),(145,'Miss Sandra Dietrich IV','demario.conn@example.net','2023-04-29 14:11:45','$2y$10$92IXUNpkjO0rOQ5byMi.Ye4oKoEa3Ro9llC/.og/at2.uheWG/igi','JxGRroA5Kd','2023-04-29 12:11:45','2023-04-29 12:11:45',NULL),(146,'Marcella Jacobs','kole58@example.net','2023-04-29 14:11:45','$2y$10$92IXUNpkjO0rOQ5byMi.Ye4oKoEa3Ro9llC/.og/at2.uheWG/igi','sOiFlbTMrb','2023-04-29 12:11:45','2023-04-29 12:11:45',NULL),(147,'Prof. Pete Maggio','lavonne90@example.net','2023-04-29 14:11:45','$2y$10$92IXUNpkjO0rOQ5byMi.Ye4oKoEa3Ro9llC/.og/at2.uheWG/igi','r2Im0wRaGF','2023-04-29 12:11:45','2023-04-29 12:11:45',NULL),(148,'Ms. Amie Nitzsche V','yasmine89@example.com','2023-04-29 14:11:45','$2y$10$92IXUNpkjO0rOQ5byMi.Ye4oKoEa3Ro9llC/.og/at2.uheWG/igi','MGbHp1TbNv','2023-04-29 12:11:45','2023-04-29 12:11:45',NULL),(149,'Delpha Walker','zelma75@example.org','2023-04-29 14:11:46','$2y$10$92IXUNpkjO0rOQ5byMi.Ye4oKoEa3Ro9llC/.og/at2.uheWG/igi','a9wzqBVwDL','2023-04-29 12:11:46','2023-04-29 12:11:46',NULL),(150,'Agustina Legros','uohara@example.org','2023-04-29 14:11:46','$2y$10$92IXUNpkjO0rOQ5byMi.Ye4oKoEa3Ro9llC/.og/at2.uheWG/igi','GUlKygWwkJ','2023-04-29 12:11:46','2023-04-29 12:11:46',NULL),(151,'Viva Quigley IV','glowe@example.net','2023-04-29 14:11:46','$2y$10$92IXUNpkjO0rOQ5byMi.Ye4oKoEa3Ro9llC/.og/at2.uheWG/igi','e9Eq2vz4AG','2023-04-29 12:11:46','2023-04-29 12:11:46',NULL),(152,'Sibyl Olson','della70@example.net','2023-04-29 14:11:46','$2y$10$92IXUNpkjO0rOQ5byMi.Ye4oKoEa3Ro9llC/.og/at2.uheWG/igi','fZLIFoklAV','2023-04-29 12:11:46','2023-04-29 12:11:46',NULL),(153,'Dr. Amber Harvey V','thea.robel@example.org','2023-04-29 14:11:46','$2y$10$92IXUNpkjO0rOQ5byMi.Ye4oKoEa3Ro9llC/.og/at2.uheWG/igi','CkHuzLfoGI','2023-04-29 12:11:46','2023-04-29 12:11:46',NULL),(154,'Dr. Timmothy Feeney MD','rosella29@example.com','2023-04-29 14:11:46','$2y$10$92IXUNpkjO0rOQ5byMi.Ye4oKoEa3Ro9llC/.og/at2.uheWG/igi','67ZWP6vaHS','2023-04-29 12:11:46','2023-04-29 12:11:46',NULL),(155,'Demario Rice','candace.sauer@example.org','2023-04-29 14:11:46','$2y$10$92IXUNpkjO0rOQ5byMi.Ye4oKoEa3Ro9llC/.og/at2.uheWG/igi','e5lXyKTkZJ','2023-04-29 12:11:46','2023-04-29 12:11:46',NULL),(156,'Prof. Jerry Bruen V','chadrick94@example.com','2023-04-29 14:11:47','$2y$10$92IXUNpkjO0rOQ5byMi.Ye4oKoEa3Ro9llC/.og/at2.uheWG/igi','dSnLwVSFt4','2023-04-29 12:11:47','2023-04-29 12:11:47',NULL),(157,'Verna Ortiz','minerva.franecki@example.org','2023-04-29 14:11:47','$2y$10$92IXUNpkjO0rOQ5byMi.Ye4oKoEa3Ro9llC/.og/at2.uheWG/igi','GN87SdhNmt','2023-04-29 12:11:47','2023-04-29 12:11:47',NULL),(158,'Emmet Mitchell','kathryn.treutel@example.net','2023-04-29 14:11:47','$2y$10$92IXUNpkjO0rOQ5byMi.Ye4oKoEa3Ro9llC/.og/at2.uheWG/igi','we3cv0daKs','2023-04-29 12:11:47','2023-04-29 12:11:47',NULL),(159,'Magnolia Jacobs','mikayla84@example.net','2023-04-29 14:11:47','$2y$10$92IXUNpkjO0rOQ5byMi.Ye4oKoEa3Ro9llC/.og/at2.uheWG/igi','uHNJAr9lHB','2023-04-29 12:11:47','2023-04-29 12:11:47',NULL),(160,'Dr. Adolphus Paucek II','fglover@example.net','2023-04-29 14:11:47','$2y$10$92IXUNpkjO0rOQ5byMi.Ye4oKoEa3Ro9llC/.og/at2.uheWG/igi','PLvsjMg4qK','2023-04-29 12:11:47','2023-04-29 12:11:47',NULL),(161,'Minerva Hagenes','fpfeffer@example.org','2023-04-29 14:11:47','$2y$10$92IXUNpkjO0rOQ5byMi.Ye4oKoEa3Ro9llC/.og/at2.uheWG/igi','snxlgdDl8H','2023-04-29 12:11:47','2023-04-29 12:11:47',NULL),(162,'Mrs. Rozella Homenick','hudson.alphonso@example.com','2023-04-29 14:11:47','$2y$10$92IXUNpkjO0rOQ5byMi.Ye4oKoEa3Ro9llC/.og/at2.uheWG/igi','DfDwPQpkry','2023-04-29 12:11:47','2023-04-29 12:11:47',NULL),(163,'Hillary Waelchi II','jeramie.lemke@example.org','2023-04-29 14:11:47','$2y$10$92IXUNpkjO0rOQ5byMi.Ye4oKoEa3Ro9llC/.og/at2.uheWG/igi','QQwKf9Bgz9','2023-04-29 12:11:47','2023-04-29 12:11:47',NULL),(164,'Deron Ritchie','xmarquardt@example.org','2023-04-29 14:11:48','$2y$10$92IXUNpkjO0rOQ5byMi.Ye4oKoEa3Ro9llC/.og/at2.uheWG/igi','t8AOagd9JF','2023-04-29 12:11:48','2023-04-29 12:11:48',NULL),(165,'Alyce Mertz','alvah.hermiston@example.net','2023-04-29 14:11:48','$2y$10$92IXUNpkjO0rOQ5byMi.Ye4oKoEa3Ro9llC/.og/at2.uheWG/igi','ZMfanvfZ0B','2023-04-29 12:11:48','2023-04-29 12:11:48',NULL),(166,'Anahi Hagenes','darwin.wiza@example.com','2023-04-29 14:11:48','$2y$10$92IXUNpkjO0rOQ5byMi.Ye4oKoEa3Ro9llC/.og/at2.uheWG/igi','jeQ8h2sQBo','2023-04-29 12:11:48','2023-04-29 12:11:48',NULL),(167,'Colton Miller I','laury.ferry@example.net','2023-04-29 14:11:48','$2y$10$92IXUNpkjO0rOQ5byMi.Ye4oKoEa3Ro9llC/.og/at2.uheWG/igi','Ixerc90GsC','2023-04-29 12:11:48','2023-04-29 12:11:48',NULL),(168,'Quinten Kerluke','hank.crooks@example.net','2023-04-29 14:11:48','$2y$10$92IXUNpkjO0rOQ5byMi.Ye4oKoEa3Ro9llC/.og/at2.uheWG/igi','2NPCxBAC4J','2023-04-29 12:11:48','2023-04-29 12:11:48',NULL),(169,'Queen Lynch DDS','cruickshank.neil@example.org','2023-04-29 14:11:48','$2y$10$92IXUNpkjO0rOQ5byMi.Ye4oKoEa3Ro9llC/.og/at2.uheWG/igi','nAxGLrDvVo','2023-04-29 12:11:48','2023-04-29 12:11:48',NULL),(170,'Nayeli Mraz','roderick69@example.com','2023-04-29 14:11:48','$2y$10$92IXUNpkjO0rOQ5byMi.Ye4oKoEa3Ro9llC/.og/at2.uheWG/igi','bI90wMtb11','2023-04-29 12:11:48','2023-04-29 12:11:48',NULL),(171,'Dr. Chauncey Aufderhar','grady.jovanny@example.net','2023-04-29 14:11:49','$2y$10$92IXUNpkjO0rOQ5byMi.Ye4oKoEa3Ro9llC/.og/at2.uheWG/igi','2WLC1goGkl','2023-04-29 12:11:49','2023-04-29 12:11:49',NULL),(172,'Kelsi Keebler','vgoodwin@example.com','2023-04-29 14:11:49','$2y$10$92IXUNpkjO0rOQ5byMi.Ye4oKoEa3Ro9llC/.og/at2.uheWG/igi','7Fc4acx7iU','2023-04-29 12:11:49','2023-04-29 12:11:49',NULL),(173,'Elisa Emard','nbalistreri@example.net','2023-04-29 14:11:49','$2y$10$92IXUNpkjO0rOQ5byMi.Ye4oKoEa3Ro9llC/.og/at2.uheWG/igi','DfLgyFPil8','2023-04-29 12:11:49','2023-04-29 12:11:49',NULL),(174,'Devon Kihn','crist.joelle@example.net','2023-04-29 14:11:49','$2y$10$92IXUNpkjO0rOQ5byMi.Ye4oKoEa3Ro9llC/.og/at2.uheWG/igi','0vJ8FuNRl8','2023-04-29 12:11:49','2023-04-29 12:11:49',NULL),(175,'Teagan Turcotte','ibernhard@example.org','2023-04-29 14:11:49','$2y$10$92IXUNpkjO0rOQ5byMi.Ye4oKoEa3Ro9llC/.og/at2.uheWG/igi','jzncWfMg9c','2023-04-29 12:11:49','2023-04-29 12:11:49',NULL),(176,'Raina Schaefer','harris.adrianna@example.com','2023-04-29 14:11:49','$2y$10$92IXUNpkjO0rOQ5byMi.Ye4oKoEa3Ro9llC/.og/at2.uheWG/igi','ksvpHOKlAW','2023-04-29 12:11:49','2023-04-29 12:11:49',NULL),(177,'Ima Luettgen','hazel.schiller@example.com','2023-04-29 14:11:50','$2y$10$92IXUNpkjO0rOQ5byMi.Ye4oKoEa3Ro9llC/.og/at2.uheWG/igi','m6aZ57Gy0s','2023-04-29 12:11:50','2023-04-29 12:11:50',NULL),(178,'Dr. Jose Terry III','florence.wunsch@example.net','2023-04-29 14:11:50','$2y$10$92IXUNpkjO0rOQ5byMi.Ye4oKoEa3Ro9llC/.og/at2.uheWG/igi','y8Tys2toq5','2023-04-29 12:11:50','2023-04-29 12:11:50',NULL),(179,'Allene Bergstrom','frenner@example.com','2023-04-29 14:11:50','$2y$10$92IXUNpkjO0rOQ5byMi.Ye4oKoEa3Ro9llC/.og/at2.uheWG/igi','hz2N7pi17t','2023-04-29 12:11:50','2023-04-29 12:11:50',NULL),(180,'Prof. Demarco Crist','jberge@example.net','2023-04-29 14:11:50','$2y$10$92IXUNpkjO0rOQ5byMi.Ye4oKoEa3Ro9llC/.og/at2.uheWG/igi','vvSpd718tf','2023-04-29 12:11:50','2023-04-29 12:11:50',NULL),(181,'Diego Bins','mallory07@example.com','2023-04-29 14:11:50','$2y$10$92IXUNpkjO0rOQ5byMi.Ye4oKoEa3Ro9llC/.og/at2.uheWG/igi','uHowU18Wik','2023-04-29 12:11:50','2023-04-29 12:11:50',NULL),(182,'Ivy Fay Sr.','linda.rath@example.net','2023-04-29 14:11:50','$2y$10$92IXUNpkjO0rOQ5byMi.Ye4oKoEa3Ro9llC/.og/at2.uheWG/igi','QExNxteRoN','2023-04-29 12:11:50','2023-04-29 12:11:50',NULL),(183,'Melissa Jakubowski I','nsanford@example.net','2023-04-29 14:11:50','$2y$10$92IXUNpkjO0rOQ5byMi.Ye4oKoEa3Ro9llC/.og/at2.uheWG/igi','terkdaLAuN','2023-04-29 12:11:50','2023-04-29 12:11:50',NULL),(184,'Mr. Jonatan Reichel MD','mara71@example.net','2023-04-29 14:11:50','$2y$10$92IXUNpkjO0rOQ5byMi.Ye4oKoEa3Ro9llC/.og/at2.uheWG/igi','Q6l0WzMHdC','2023-04-29 12:11:50','2023-04-29 12:11:50',NULL),(185,'Marielle O\'Kon','lehner.silas@example.net','2023-04-29 14:11:51','$2y$10$92IXUNpkjO0rOQ5byMi.Ye4oKoEa3Ro9llC/.og/at2.uheWG/igi','IZ6979IsBo','2023-04-29 12:11:51','2023-04-29 12:11:51',NULL),(186,'Dorcas Stiedemann','laurence16@example.net','2023-04-29 14:11:51','$2y$10$92IXUNpkjO0rOQ5byMi.Ye4oKoEa3Ro9llC/.og/at2.uheWG/igi','N2uHqpqeI8','2023-04-29 12:11:51','2023-04-29 12:11:51',NULL),(187,'Heidi Hauck','ubernhard@example.net','2023-04-29 14:11:51','$2y$10$92IXUNpkjO0rOQ5byMi.Ye4oKoEa3Ro9llC/.og/at2.uheWG/igi','lESxtMGRB6','2023-04-29 12:11:51','2023-04-29 12:11:51',NULL),(188,'Alessandra West','danyka01@example.com','2023-04-29 14:11:51','$2y$10$92IXUNpkjO0rOQ5byMi.Ye4oKoEa3Ro9llC/.og/at2.uheWG/igi','H0mhDWYVCv','2023-04-29 12:11:51','2023-04-29 12:11:51',NULL),(189,'Forest Marks','kuvalis.dejah@example.org','2023-04-29 14:11:51','$2y$10$92IXUNpkjO0rOQ5byMi.Ye4oKoEa3Ro9llC/.og/at2.uheWG/igi','Pc8xa1q4mF','2023-04-29 12:11:51','2023-04-29 12:11:51',NULL),(190,'Melany Dooley Jr.','iswaniawski@example.net','2023-04-29 14:11:51','$2y$10$92IXUNpkjO0rOQ5byMi.Ye4oKoEa3Ro9llC/.og/at2.uheWG/igi','2OtVsKLQwW','2023-04-29 12:11:51','2023-04-29 12:11:51',NULL),(191,'Toby Torp','kenneth.witting@example.net','2023-04-29 14:11:52','$2y$10$92IXUNpkjO0rOQ5byMi.Ye4oKoEa3Ro9llC/.og/at2.uheWG/igi','lTxSO8V1Nv','2023-04-29 12:11:52','2023-04-29 12:11:52',NULL),(192,'Guadalupe Luettgen','rod24@example.com','2023-04-29 14:11:52','$2y$10$92IXUNpkjO0rOQ5byMi.Ye4oKoEa3Ro9llC/.og/at2.uheWG/igi','GI9N8t3tLj','2023-04-29 12:11:52','2023-04-29 12:11:52',NULL),(193,'Prof. Issac Zemlak','kory27@example.com','2023-04-29 14:11:52','$2y$10$92IXUNpkjO0rOQ5byMi.Ye4oKoEa3Ro9llC/.og/at2.uheWG/igi','JHwvvjpSYr','2023-04-29 12:11:52','2023-04-29 12:11:52',NULL),(194,'Lenora Jacobson','nruecker@example.net','2023-04-29 14:11:52','$2y$10$92IXUNpkjO0rOQ5byMi.Ye4oKoEa3Ro9llC/.og/at2.uheWG/igi','3ZQ3DSKNbW','2023-04-29 12:11:52','2023-04-29 12:11:52',NULL),(195,'Miss Christa Ankunding DDS','ssporer@example.com','2023-04-29 14:11:52','$2y$10$92IXUNpkjO0rOQ5byMi.Ye4oKoEa3Ro9llC/.og/at2.uheWG/igi','xwLSEZk2lJ','2023-04-29 12:11:52','2023-04-29 12:11:52',NULL),(196,'Shakira Abshire','nitzsche.connor@example.com','2023-04-29 14:11:52','$2y$10$92IXUNpkjO0rOQ5byMi.Ye4oKoEa3Ro9llC/.og/at2.uheWG/igi','Ju2AhvpdC1','2023-04-29 12:11:52','2023-04-29 12:11:52',NULL),(197,'Mr. Paul Boyer','anika.schiller@example.com','2023-04-29 14:11:52','$2y$10$92IXUNpkjO0rOQ5byMi.Ye4oKoEa3Ro9llC/.og/at2.uheWG/igi','0euMo2zIdf','2023-04-29 12:11:52','2023-04-29 12:11:52',NULL),(198,'Dr. Sedrick Orn','wfunk@example.com','2023-04-29 14:11:52','$2y$10$92IXUNpkjO0rOQ5byMi.Ye4oKoEa3Ro9llC/.og/at2.uheWG/igi','L2OdFSoJTt','2023-04-29 12:11:52','2023-04-29 12:11:52',NULL),(199,'Dr. Kelly Braun V','stanford.klein@example.org','2023-04-29 14:11:53','$2y$10$92IXUNpkjO0rOQ5byMi.Ye4oKoEa3Ro9llC/.og/at2.uheWG/igi','IGam42ki8X','2023-04-29 12:11:53','2023-04-29 12:11:53',NULL),(200,'Miles Ondricka','sheila.gutmann@example.com','2023-04-29 14:11:53','$2y$10$92IXUNpkjO0rOQ5byMi.Ye4oKoEa3Ro9llC/.og/at2.uheWG/igi','fUl0sdTsUX','2023-04-29 12:11:53','2023-04-29 12:11:53',NULL),(201,'Arne Douglas Jr.','ortiz.golden@example.com','2023-04-29 14:11:53','$2y$10$92IXUNpkjO0rOQ5byMi.Ye4oKoEa3Ro9llC/.og/at2.uheWG/igi','EUVJXCWWs5','2023-04-29 12:11:53','2023-04-29 12:11:53',NULL),(202,'Prof. Vito Ullrich IV','jovani.stamm@example.org','2023-04-29 14:11:53','$2y$10$92IXUNpkjO0rOQ5byMi.Ye4oKoEa3Ro9llC/.og/at2.uheWG/igi','ONhBrNHNxg','2023-04-29 12:11:53','2023-04-29 12:11:53',NULL),(203,'Dr. Carlee Kessler','raphael62@example.org','2023-04-29 14:11:53','$2y$10$92IXUNpkjO0rOQ5byMi.Ye4oKoEa3Ro9llC/.og/at2.uheWG/igi','LX3zS3LsCU','2023-04-29 12:11:53','2023-04-29 12:11:53',NULL),(204,'Julie Miller','gorczany.leilani@example.com','2023-04-29 14:11:54','$2y$10$92IXUNpkjO0rOQ5byMi.Ye4oKoEa3Ro9llC/.og/at2.uheWG/igi','kBxItAfFeX','2023-04-29 12:11:54','2023-04-29 12:11:54',NULL),(205,'Wallace Goyette','danny.kassulke@example.net','2023-04-29 14:11:54','$2y$10$92IXUNpkjO0rOQ5byMi.Ye4oKoEa3Ro9llC/.og/at2.uheWG/igi','oS9H4Umj57','2023-04-29 12:11:54','2023-04-29 12:11:54',NULL),(206,'Dominique Rau','auer.antone@example.com','2023-04-29 14:11:54','$2y$10$92IXUNpkjO0rOQ5byMi.Ye4oKoEa3Ro9llC/.og/at2.uheWG/igi','zRzrA9cJNv','2023-04-29 12:11:54','2023-04-29 12:11:54',NULL),(207,'Isadore Orn','nikolaus.giles@example.net','2023-04-29 14:11:54','$2y$10$92IXUNpkjO0rOQ5byMi.Ye4oKoEa3Ro9llC/.og/at2.uheWG/igi','Ae0PEB5Cvr','2023-04-29 12:11:54','2023-04-29 12:11:54',NULL),(208,'Malika Ziemann','federico39@example.net','2023-04-29 14:11:54','$2y$10$92IXUNpkjO0rOQ5byMi.Ye4oKoEa3Ro9llC/.og/at2.uheWG/igi','wXyqATbQ17','2023-04-29 12:11:54','2023-04-29 12:11:54',NULL),(209,'Norris Bode','thomas15@example.net','2023-04-29 14:11:54','$2y$10$92IXUNpkjO0rOQ5byMi.Ye4oKoEa3Ro9llC/.og/at2.uheWG/igi','0r2mAxbO8i','2023-04-29 12:11:54','2023-04-29 12:11:54',NULL),(210,'Zion Boyle II','dimitri90@example.com','2023-04-29 14:11:55','$2y$10$92IXUNpkjO0rOQ5byMi.Ye4oKoEa3Ro9llC/.og/at2.uheWG/igi','ZKTQMJEDgs','2023-04-29 12:11:55','2023-04-29 12:11:55',NULL),(211,'Prof. Yvette Herzog','hudson.joyce@example.org','2023-04-29 14:11:55','$2y$10$92IXUNpkjO0rOQ5byMi.Ye4oKoEa3Ro9llC/.og/at2.uheWG/igi','wF05AV4S3r','2023-04-29 12:11:55','2023-04-29 12:11:55',NULL);
/*!40000 ALTER TABLE `users` ENABLE KEYS */;
UNLOCK TABLES;
/*!40103 SET TIME_ZONE=@OLD_TIME_ZONE */;

/*!40101 SET SQL_MODE=@OLD_SQL_MODE */;
/*!40014 SET FOREIGN_KEY_CHECKS=@OLD_FOREIGN_KEY_CHECKS */;
/*!40014 SET UNIQUE_CHECKS=@OLD_UNIQUE_CHECKS */;
/*!40101 SET CHARACTER_SET_CLIENT=@OLD_CHARACTER_SET_CLIENT */;
/*!40101 SET CHARACTER_SET_RESULTS=@OLD_CHARACTER_SET_RESULTS */;
/*!40101 SET COLLATION_CONNECTION=@OLD_COLLATION_CONNECTION */;
/*!40111 SET SQL_NOTES=@OLD_SQL_NOTES */;

-- Dump completed on 2023-05-03 23:58:59
